x:image,y
Hemorrhagic (1000).jpg,0
Hemorrhagic (1001).jpg,0
Hemorrhagic (1002).jpg,0
Hemorrhagic (1003).jpg,0
Hemorrhagic (1004).jpg,0
Hemorrhagic (1005).jpg,0
Hemorrhagic (1006).jpg,0
Hemorrhagic (1007).jpg,0
Hemorrhagic (1008).jpg,0
Hemorrhagic (1009).jpg,0
Hemorrhagic (1010).jpg,0
Hemorrhagic (1011).jpg,0
Hemorrhagic (1012).jpg,0
Hemorrhagic (1013).jpg,0
Hemorrhagic (1014).jpg,0
Hemorrhagic (1015).jpg,0
Hemorrhagic (1016).JPG,0
Hemorrhagic (1017).jpg,0
Hemorrhagic (1018).jpg,0
Hemorrhagic (1019).jpg,0
Hemorrhagic (1020).jpg,0
Hemorrhagic (1021).jpg,0
Hemorrhagic (1022).jpg,0
Hemorrhagic (1023).jpg,0
Hemorrhagic (1024).jpg,0
Hemorrhagic (1025).jpg,0
Hemorrhagic (1026).jpg,0
Hemorrhagic (1027).jpg,0
Hemorrhagic (1028).jpg,0
Hemorrhagic (1029).jpg,0
Hemorrhagic (1030).jpg,0
Hemorrhagic (1031).jpg,0
Hemorrhagic (1032).jpg,0
Hemorrhagic (1033).jpg,0
Hemorrhagic (1034).jpg,0
Hemorrhagic (1035).jpg,0
Hemorrhagic (1036).jpg,0
Hemorrhagic (1037).jpg,0
Hemorrhagic (1038).jpg,0
Hemorrhagic (1039).jpg,0
Hemorrhagic (1040).jpg,0
Hemorrhagic (1041).jpg,0
Hemorrhagic (1042).jpg,0
Hemorrhagic (1043).jpg,0
Hemorrhagic (1044).jpg,0
Hemorrhagic (1045).jpg,0
Hemorrhagic (1046).jpg,0
Hemorrhagic (1047).jpg,0
Hemorrhagic (1048).jpg,0
Hemorrhagic (1049).jpg,0
Hemorrhagic (1050).jpg,0
Hemorrhagic (1051).jpg,0
Hemorrhagic (1052).jpg,0
Hemorrhagic (1053).jpg,0
Hemorrhagic (1054).jpg,0
Hemorrhagic (1055).jpg,0
Hemorrhagic (1056).jpg,0
Hemorrhagic (1057).jpg,0
Hemorrhagic (1058).jpg,0
Hemorrhagic (1059).jpg,0
Hemorrhagic (1060).jpg,0
Hemorrhagic (1061).jpg,0
Hemorrhagic (1062).jpg,0
Hemorrhagic (1063).jpg,0
Hemorrhagic (1064).jpg,0
Hemorrhagic (1065).jpg,0
Hemorrhagic (1066).jpg,0
Hemorrhagic (1067).jpg,0
Hemorrhagic (1068).jpg,0
Hemorrhagic (1069).jpg,0
Hemorrhagic (1070).jpg,0
Hemorrhagic (1071).jpg,0
Hemorrhagic (1072).jpg,0
Hemorrhagic (1073).jpg,0
Hemorrhagic (1074).jpg,0
Hemorrhagic (1075).jpg,0
Hemorrhagic (1076).jpg,0
Hemorrhagic (1077).jpg,0
Hemorrhagic (1078).jpg,0
Hemorrhagic (1079).jpg,0
Hemorrhagic (1080).jpg,0
Hemorrhagic (1081).jpg,0
Hemorrhagic (1082).jpg,0
Hemorrhagic (1083).jpg,0
Hemorrhagic (1084).jpg,0
Hemorrhagic (1085).jpg,0
Hemorrhagic (1086).jpg,0
Hemorrhagic (1087).jpg,0
Hemorrhagic (1088).jpg,0
Hemorrhagic (1089).jpg,0
Hemorrhagic (1090).jpg,0
Hemorrhagic (1091).jpg,0
Hemorrhagic (1092).jpg,0
Hemorrhagic (1093).jpg,0
Hemorrhagic (1094).jpg,0
Hemorrhagic (1095).jpg,0
Hemorrhagic (1096).jpg,0
Hemorrhagic (1097).jpg,0
Hemorrhagic (1098).jpg,0
Hemorrhagic (1099).jpg,0
Hemorrhagic (1100).jpg,0
Hemorrhagic (1101).jpg,0
Hemorrhagic (1102).jpg,0
Hemorrhagic (1103).jpg,0
Hemorrhagic (1104).jpg,0
Hemorrhagic (1105).jpg,0
Hemorrhagic (1106).jpg,0
Hemorrhagic (1107).jpg,0
Hemorrhagic (1108).jpg,0
Hemorrhagic (1109).jpg,0
Hemorrhagic (1110).jpg,0
Hemorrhagic (1111).jpg,0
Hemorrhagic (1112).jpg,0
Hemorrhagic (1113).jpg,0
Hemorrhagic (1114).jpg,0
Hemorrhagic (1115).jpg,0
Hemorrhagic (1116).jpg,0
Hemorrhagic (1117).jpg,0
Hemorrhagic (1118).jpg,0
Hemorrhagic (1119).jpg,0
Hemorrhagic (1120).jpg,0
Hemorrhagic (1121).jpg,0
Hemorrhagic (1122).jpg,0
Hemorrhagic (1123).jpg,0
Hemorrhagic (1124).jpg,0
Hemorrhagic (1125).jpg,0
Hemorrhagic (1126).jpg,0
Hemorrhagic (1127).jpg,0
Hemorrhagic (1128).jpg,0
Hemorrhagic (1129).jpg,0
Hemorrhagic (1130).jpg,0
Hemorrhagic (1131).jpg,0
Hemorrhagic (1132).jpg,0
Hemorrhagic (1133).jpg,0
Hemorrhagic (1134).jpg,0
Hemorrhagic (1135).jpg,0
Hemorrhagic (1136).jpg,0
Hemorrhagic (1137).jpg,0
Hemorrhagic (1138).jpg,0
Hemorrhagic (1139).jpg,0
Hemorrhagic (1140).jpg,0
Hemorrhagic (1141).jpg,0
Hemorrhagic (1142).jpg,0
Hemorrhagic (1143).jpg,0
Hemorrhagic (1144).jpg,0
Hemorrhagic (1145).jpg,0
Hemorrhagic (1146).jpg,0
Hemorrhagic (1147).jpg,0
Hemorrhagic (1148).jpg,0
Hemorrhagic (1149).jpg,0
Hemorrhagic (1150).jpg,0
Hemorrhagic (1151).jpg,0
Hemorrhagic (1152).jpg,0
Hemorrhagic (1153).jpg,0
Hemorrhagic (1154).jpg,0
Hemorrhagic (1155).JPG,0
Hemorrhagic (1156).jpg,0
Hemorrhagic (1157).jpg,0
Hemorrhagic (1158).jpg,0
Hemorrhagic (1159).jpg,0
Hemorrhagic (1160).jpg,0
Hemorrhagic (1161).jpg,0
Hemorrhagic (1162).jpg,0
Hemorrhagic (1163).jpg,0
Hemorrhagic (1164).jpg,0
Hemorrhagic (1165).jpg,0
Hemorrhagic (1166).jpg,0
Hemorrhagic (1167).jpg,0
Hemorrhagic (1168).jpg,0
Hemorrhagic (1169).jpg,0
Hemorrhagic (1170).jpg,0
Hemorrhagic (1171).jpg,0
Hemorrhagic (1172).jpg,0
Hemorrhagic (1173).jpg,0
Hemorrhagic (1174).jpg,0
Hemorrhagic (1175).jpg,0
Hemorrhagic (1176).jpg,0
Hemorrhagic (1177).jpg,0
Hemorrhagic (1178).jpg,0
Hemorrhagic (1179).jpg,0
Hemorrhagic (1180).jpg,0
Hemorrhagic (1181).jpg,0
Hemorrhagic (1182).jpg,0
Hemorrhagic (1183).jpg,0
Hemorrhagic (1184).jpg,0
Hemorrhagic (1185).jpg,0
Hemorrhagic (1186).jpg,0
Hemorrhagic (1187).jpg,0
Hemorrhagic (1188).jpg,0
Hemorrhagic (1189).jpg,0
Hemorrhagic (1190).jpg,0
Hemorrhagic (1191).jpg,0
Hemorrhagic (1192).jpg,0
Hemorrhagic (1193).jpg,0
Hemorrhagic (1194).jpg,0
Hemorrhagic (1195).jpg,0
Hemorrhagic (1196).jpg,0
Hemorrhagic (1197).jpg,0
Hemorrhagic (1198).jpg,0
Hemorrhagic (1199).jpg,0
Hemorrhagic (1200).jpg,0
Hemorrhagic (1201).jpg,0
Hemorrhagic (1202).jpg,0
Hemorrhagic (1203).jpg,0
Hemorrhagic (1204).jpg,0
Hemorrhagic (1205).jpg,0
Hemorrhagic (1206).jpg,0
Hemorrhagic (1207).jpg,0
Hemorrhagic (1208).jpg,0
Hemorrhagic (1209).jpg,0
Hemorrhagic (1210).jpg,0
Hemorrhagic (1211).jpg,0
Hemorrhagic (1212).jpg,0
Hemorrhagic (1213).jpg,0
Hemorrhagic (1214).jpg,0
Hemorrhagic (1215).jpg,0
Hemorrhagic (1216).jpg,0
Hemorrhagic (1217).jpg,0
Hemorrhagic (1218).jpg,0
Hemorrhagic (1219).jpg,0
Hemorrhagic (1220).jpg,0
Hemorrhagic (1221).jpg,0
Hemorrhagic (1222).jpg,0
Hemorrhagic (1223).jpg,0
Hemorrhagic (1224).jpg,0
Hemorrhagic (1225).jpg,0
Hemorrhagic (1226).jpg,0
Hemorrhagic (1227).jpg,0
Hemorrhagic (1228).jpg,0
Hemorrhagic (1229).jpg,0
Hemorrhagic (1230).jpg,0
Hemorrhagic (1231).jpg,0
Hemorrhagic (1232).jpg,0
Hemorrhagic (1233).jpg,0
Hemorrhagic (1234).jpg,0
Hemorrhagic (1235).jpg,0
Hemorrhagic (1236).jpg,0
Hemorrhagic (1237).jpg,0
Hemorrhagic (1238).jpg,0
Hemorrhagic (1239).jpg,0
Hemorrhagic (1240).jpg,0
Hemorrhagic (1241).jpg,0
Hemorrhagic (1242).jpg,0
Hemorrhagic (1243).jpg,0
Hemorrhagic (1244).jpg,0
Hemorrhagic (1245).jpg,0
Hemorrhagic (1246).jpg,0
Hemorrhagic (1247).jpg,0
Hemorrhagic (1248).jpg,0
Hemorrhagic (1249).jpg,0
Hemorrhagic (1250).jpg,0
Hemorrhagic (1251).jpg,0
Hemorrhagic (1252).jpg,0
Hemorrhagic (1253).jpg,0
Hemorrhagic (1254).jpg,0
Hemorrhagic (1255).jpg,0
Hemorrhagic (1256).jpg,0
Hemorrhagic (1257).jpg,0
Hemorrhagic (1258).jpg,0
Hemorrhagic (1259).jpg,0
Hemorrhagic (1260).jpg,0
Hemorrhagic (1261).jpg,0
Hemorrhagic (1262).jpg,0
Hemorrhagic (1263).jpg,0
Hemorrhagic (1264).jpg,0
Hemorrhagic (1265).jpg,0
Hemorrhagic (1266).jpg,0
Hemorrhagic (1267).jpg,0
Hemorrhagic (1268).jpg,0
Hemorrhagic (1269).jpg,0
Hemorrhagic (1270).jpg,0
Hemorrhagic (1271).jpg,0
Hemorrhagic (1272).jpg,0
Hemorrhagic (1273).jpg,0
Hemorrhagic (1274).jpg,0
Hemorrhagic (1275).jpg,0
Hemorrhagic (1276).jpg,0
Hemorrhagic (1277).jpg,0
Hemorrhagic (1278).jpg,0
Hemorrhagic (1279).JPG,0
Hemorrhagic (1280).JPG,0
Hemorrhagic (1281).jpg,0
Hemorrhagic (1282).jpg,0
Hemorrhagic (1283).jpg,0
Hemorrhagic (1284).jpg,0
Hemorrhagic (1285).jpg,0
Hemorrhagic (1286).jpg,0
Hemorrhagic (1287).jpg,0
Hemorrhagic (1288).jpg,0
Hemorrhagic (1289).jpg,0
Hemorrhagic (1290).jpg,0
Hemorrhagic (1291).jpg,0
Hemorrhagic (1292).jpg,0
Hemorrhagic (1293).jpg,0
Hemorrhagic (1294).jpg,0
Hemorrhagic (1295).jpg,0
Hemorrhagic (1296).jpg,0
Hemorrhagic (1297).jpg,0
Hemorrhagic (1298).jpg,0
Hemorrhagic (1299).jpg,0
Hemorrhagic (1300).jpg,0
Hemorrhagic (1301).jpg,0
Hemorrhagic (1302).jpg,0
Hemorrhagic (1303).jpg,0
Hemorrhagic (1304).jpg,0
Hemorrhagic (1305).jpg,0
Hemorrhagic (1306).jpg,0
Hemorrhagic (1307).jpg,0
Hemorrhagic (1308).jpg,0
Hemorrhagic (1309).jpg,0
Hemorrhagic (1310).jpg,0
Hemorrhagic (1311).jpg,0
Hemorrhagic (1312).jpg,0
Hemorrhagic (1313).jpg,0
Hemorrhagic (1314).jpg,0
Hemorrhagic (1315).jpg,0
Hemorrhagic (1316).jpg,0
Hemorrhagic (1317).jpg,0
Hemorrhagic (1318).jpg,0
Hemorrhagic (1319).jpg,0
Hemorrhagic (1320).jpg,0
Hemorrhagic (1321).jpg,0
Hemorrhagic (1322).jpg,0
Hemorrhagic (1323).jpg,0
Hemorrhagic (1324).jpg,0
Hemorrhagic (1325).jpg,0
Hemorrhagic (1326).jpg,0
Hemorrhagic (1327).jpg,0
Hemorrhagic (1328).jpg,0
Hemorrhagic (1329).jpg,0
Hemorrhagic (1330).jpg,0
Hemorrhagic (1331).jpg,0
Hemorrhagic (1332).jpg,0
Hemorrhagic (1333).jpg,0
Hemorrhagic (1334).jpg,0
Hemorrhagic (1335).jpg,0
Hemorrhagic (1336).jpg,0
Hemorrhagic (1337).jpg,0
Hemorrhagic (1338).jpg,0
Hemorrhagic (1339).jpg,0
Hemorrhagic (1340).jpg,0
Hemorrhagic (1341).jpg,0
Hemorrhagic (1342).jpg,0
Hemorrhagic (1343).jpg,0
Hemorrhagic (1344).jpg,0
Hemorrhagic (1345).jpg,0
Hemorrhagic (1346).jpg,0
Hemorrhagic (1347).jpg,0
Hemorrhagic (1348).jpg,0
Hemorrhagic (1349).jpg,0
Hemorrhagic (1350).jpg,0
Hemorrhagic (1351).jpg,0
Hemorrhagic (1352).jpg,0
Hemorrhagic (1353).jpg,0
Hemorrhagic (1354).jpg,0
Hemorrhagic (1355).jpg,0
Hemorrhagic (1356).jpg,0
Hemorrhagic (1357).jpg,0
Hemorrhagic (1358).jpg,0
Hemorrhagic (1359).jpg,0
Hemorrhagic (1360).jpg,0
Hemorrhagic (1361).jpg,0
Hemorrhagic (1362).jpg,0
Hemorrhagic (1363).jpg,0
Hemorrhagic (1364).jpg,0
Hemorrhagic (1365).jpg,0
Hemorrhagic (1366).jpg,0
Hemorrhagic (1367).jpg,0
Hemorrhagic (1368).jpg,0
Hemorrhagic (1369).jpg,0
Hemorrhagic (1370).jpg,0
Hemorrhagic (1371).jpg,0
Hemorrhagic (1372).jpg,0
Hemorrhagic (1373).jpg,0
Hemorrhagic (1374).jpg,0
Hemorrhagic (1375).jpg,0
Hemorrhagic (1376).jpg,0
Hemorrhagic (1377).jpg,0
Hemorrhagic (1378).jpg,0
Hemorrhagic (1379).jpg,0
Hemorrhagic (1380).jpg,0
Hemorrhagic (1381).jpg,0
Hemorrhagic (1382).jpg,0
Hemorrhagic (1383).jpg,0
Hemorrhagic (1384).jpg,0
Hemorrhagic (1385).jpg,0
Hemorrhagic (1386).jpg,0
Hemorrhagic (1387).jpg,0
Hemorrhagic (1388).jpg,0
Hemorrhagic (1389).jpg,0
Hemorrhagic (1390).jpg,0
Hemorrhagic (1391).jpg,0
Hemorrhagic (1392).jpg,0
Hemorrhagic (1393).jpg,0
Hemorrhagic (1394).jpg,0
Hemorrhagic (1395).jpg,0
Hemorrhagic (1396).jpg,0
Hemorrhagic (1397).jpg,0
Hemorrhagic (1398).jpg,0
Hemorrhagic (1399).jpg,0
Hemorrhagic (1400).jpg,0
Hemorrhagic (1401).jpg,0
Hemorrhagic (1402).jpg,0
Hemorrhagic (1403).jpg,0
Hemorrhagic (1404).jpg,0
Hemorrhagic (1405).jpg,0
Hemorrhagic (1406).jpg,0
Hemorrhagic (1407).jpg,0
Hemorrhagic (1408).jpg,0
Hemorrhagic (1409).jpg,0
Hemorrhagic (1410).jpg,0
Hemorrhagic (1411).jpg,0
Hemorrhagic (1412).jpg,0
Hemorrhagic (1413).jpg,0
Hemorrhagic (1414).jpg,0
Hemorrhagic (1415).jpg,0
Hemorrhagic (1416).jpg,0
Hemorrhagic (1417).jpg,0
Hemorrhagic (1418).jpg,0
Hemorrhagic (1419).jpg,0
Hemorrhagic (1420).jpg,0
Hemorrhagic (1421).jpg,0
Hemorrhagic (1422).jpg,0
Hemorrhagic (1423).jpg,0
Hemorrhagic (1424).jpg,0
Hemorrhagic (1425).jpg,0
Hemorrhagic (1426).jpg,0
Hemorrhagic (1427).jpg,0
Hemorrhagic (1428).jpg,0
Hemorrhagic (1429).jpg,0
Hemorrhagic (1430).jpg,0
Hemorrhagic (1431).jpg,0
Hemorrhagic (1432).jpg,0
Hemorrhagic (1433).jpg,0
Hemorrhagic (1434).jpg,0
Hemorrhagic (1435).jpg,0
Hemorrhagic (1436).jpg,0
Hemorrhagic (1437).jpg,0
Hemorrhagic (1438).jpg,0
Hemorrhagic (1439).jpg,0
Hemorrhagic (1440).jpg,0
Hemorrhagic (1441).jpg,0
Hemorrhagic (1442).jpg,0
Hemorrhagic (1443).jpg,0
Hemorrhagic (1444).jpg,0
Hemorrhagic (1445).jpg,0
Hemorrhagic (1446).jpg,0
Hemorrhagic (1447).jpg,0
Hemorrhagic (1448).jpg,0
Hemorrhagic (1449).jpg,0
Hemorrhagic (1450).jpg,0
Hemorrhagic (1451).jpg,0
Hemorrhagic (1452).jpg,0
Hemorrhagic (1453).jpg,0
Hemorrhagic (1454).jpg,0
Hemorrhagic (1455).jpg,0
Hemorrhagic (1456).jpg,0
Hemorrhagic (1457).jpg,0
Hemorrhagic (1458).jpg,0
Hemorrhagic (1459).jpg,0
Hemorrhagic (1460).jpg,0
Hemorrhagic (1461).jpg,0
Hemorrhagic (1462).jpg,0
Hemorrhagic (1463).jpg,0
Hemorrhagic (1464).jpg,0
Hemorrhagic (1465).jpg,0
Hemorrhagic (1466).jpg,0
Hemorrhagic (1467).jpg,0
Hemorrhagic (1468).jpg,0
Hemorrhagic (1469).jpg,0
Hemorrhagic (1470).jpg,0
Hemorrhagic (1471).jpg,0
Hemorrhagic (1472).jpg,0
Hemorrhagic (1473).jpg,0
Hemorrhagic (1474).jpg,0
Hemorrhagic (1475).jpg,0
Hemorrhagic (1476).jpg,0
Hemorrhagic (1477).jpg,0
Hemorrhagic (1478).jpg,0
Hemorrhagic (1479).jpg,0
Hemorrhagic (1480).jpg,0
Hemorrhagic (1481).jpg,0
Hemorrhagic (1482).jpg,0
Hemorrhagic (1483).jpg,0
Hemorrhagic (1484).jpg,0
Hemorrhagic (1485).JPG,0
Hemorrhagic (1486).jpg,0
Hemorrhagic (1487).jpg,0
Hemorrhagic (1488).jpg,0
Hemorrhagic (1489).jpg,0
Hemorrhagic (1490).jpg,0
Hemorrhagic (1491).jpg,0
Hemorrhagic (1492).jpg,0
Hemorrhagic (1493).jpg,0
Hemorrhagic (1494).jpg,0
Hemorrhagic (1495).jpg,0
Hemorrhagic (1496).jpg,0
Hemorrhagic (1497).jpg,0
Hemorrhagic (1498).jpg,0
Hemorrhagic (1499).jpg,0
Hemorrhagic (1500).jpg,0
Hemorrhagic (1501).jpg,0
Hemorrhagic (1502).jpg,0
Hemorrhagic (1503).jpg,0
Hemorrhagic (1504).jpg,0
Hemorrhagic (1505).jpg,0
Hemorrhagic (1506).jpg,0
Hemorrhagic (1507).jpg,0
Hemorrhagic (1508).jpg,0
Hemorrhagic (1509).jpg,0
Hemorrhagic (1510).jpg,0
Hemorrhagic (1511).jpg,0
Hemorrhagic (1512).jpg,0
Hemorrhagic (1513).jpg,0
Hemorrhagic (1514).jpg,0
Hemorrhagic (1515).jpg,0
Hemorrhagic (1516).jpg,0
Hemorrhagic (1517).jpg,0
Hemorrhagic (1518).jpg,0
Hemorrhagic (1519).jpg,0
Hemorrhagic (1520).jpg,0
Hemorrhagic (1521).jpg,0
Hemorrhagic (1522).jpg,0
Hemorrhagic (1523).jpg,0
Hemorrhagic (1524).jpg,0
Hemorrhagic (1525).jpg,0
Hemorrhagic (1526).jpg,0
Hemorrhagic (1527).jpg,0
Hemorrhagic (1528).jpg,0
Hemorrhagic (1529).jpg,0
Hemorrhagic (1530).jpg,0
Hemorrhagic (1531).jpg,0
Hemorrhagic (1532).jpg,0
Hemorrhagic (1533).jpg,0
Hemorrhagic (1534).jpg,0
Hemorrhagic (1535).jpg,0
Hemorrhagic (1536).jpg,0
Hemorrhagic (1537).jpg,0
Hemorrhagic (1538).jpg,0
Hemorrhagic (1539).jpg,0
Hemorrhagic (1540).jpg,0
Hemorrhagic (1541).jpg,0
Hemorrhagic (1542).jpg,0
Hemorrhagic (1543).jpg,0
Hemorrhagic (1544).jpg,0
Hemorrhagic (1545).jpg,0
Hemorrhagic (1546).jpg,0
Hemorrhagic (1547).jpg,0
Hemorrhagic (1548).jpg,0
Hemorrhagic (1549).jpg,0
Hemorrhagic (1550).jpg,0
Hemorrhagic (1551).jpg,0
Hemorrhagic (1552).jpg,0
Hemorrhagic (1553).jpg,0
Hemorrhagic (1554).jpg,0
Hemorrhagic (1555).jpg,0
Hemorrhagic (1556).jpg,0
Hemorrhagic (1557).jpg,0
Hemorrhagic (1558).jpg,0
Hemorrhagic (1559).jpg,0
Hemorrhagic (1560).jpg,0
Hemorrhagic (1561).jpg,0
Hemorrhagic (1562).jpg,0
Hemorrhagic (1563).jpg,0
Hemorrhagic (1564).jpg,0
Hemorrhagic (1565).jpg,0
Hemorrhagic (1566).jpg,0
Hemorrhagic (1567).jpg,0
Hemorrhagic (1568).jpg,0
Hemorrhagic (1569).jpg,0
Hemorrhagic (1570).jpg,0
Hemorrhagic (1571).jpg,0
Hemorrhagic (1572).jpg,0
Hemorrhagic (1573).jpg,0
Hemorrhagic (1574).jpg,0
Hemorrhagic (1575).jpg,0
Hemorrhagic (1576).jpg,0
Hemorrhagic (1577).jpg,0
Hemorrhagic (1578).jpg,0
Hemorrhagic (1579).jpg,0
Hemorrhagic (1580).jpg,0
Hemorrhagic (1581).jpg,0
Hemorrhagic (1582).jpg,0
Hemorrhagic (1583).jpg,0
Hemorrhagic (1584).jpg,0
Hemorrhagic (1585).jpg,0
Hemorrhagic (1586).jpg,0
Hemorrhagic (1587).jpg,0
Hemorrhagic (1588).jpg,0
Hemorrhagic (1589).jpg,0
Hemorrhagic (1590).jpg,0
Hemorrhagic (1591).jpg,0
Hemorrhagic (1592).jpg,0
Hemorrhagic (1593).jpg,0
Hemorrhagic (1594).jpg,0
Hemorrhagic (1595).jpg,0
Hemorrhagic (1596).jpg,0
Hemorrhagic (1597).jpg,0
Hemorrhagic (1598).jpg,0
Hemorrhagic (1599).jpg,0
Hemorrhagic (1600).jpg,0
Hemorrhagic (1601).jpg,0
Hemorrhagic (1602).jpg,0
Hemorrhagic (1603).jpg,0
Hemorrhagic (1604).jpg,0
Hemorrhagic (1605).jpg,0
Hemorrhagic (1606).jpg,0
Hemorrhagic (1607).jpg,0
Hemorrhagic (1608).jpg,0
Hemorrhagic (1609).jpg,0
Hemorrhagic (1610).jpg,0
Hemorrhagic (1611).jpg,0
Hemorrhagic (1612).jpg,0
Hemorrhagic (1613).jpg,0
Hemorrhagic (1614).jpg,0
Hemorrhagic (1615).jpg,0
Hemorrhagic (1616).jpg,0
Hemorrhagic (1617).jpg,0
Hemorrhagic (1618).jpg,0
Hemorrhagic (1619).jpg,0
Hemorrhagic (1620).jpg,0
Hemorrhagic (1621).jpg,0
Hemorrhagic (1622).jpg,0
Hemorrhagic (1623).jpg,0
Hemorrhagic (1624).jpg,0
Hemorrhagic (1625).jpg,0
Hemorrhagic (1626).jpg,0
Hemorrhagic (1627).jpg,0
Hemorrhagic (1628).jpg,0
Hemorrhagic (1629).jpg,0
Hemorrhagic (1630).jpg,0
Hemorrhagic (1631).jpg,0
Hemorrhagic (1632).jpg,0
Hemorrhagic (1633).jpg,0
Hemorrhagic (1634).jpg,0
Hemorrhagic (1635).jpg,0
Hemorrhagic (1636).jpg,0
Hemorrhagic (1637).jpg,0
Hemorrhagic (1638).jpg,0
Hemorrhagic (1639).jpg,0
Hemorrhagic (1640).jpg,0
Hemorrhagic (1641).jpg,0
Hemorrhagic (1642).jpg,0
Hemorrhagic (1643).jpg,0
Hemorrhagic (1644).jpg,0
Hemorrhagic (1645).jpg,0
Hemorrhagic (1646).jpg,0
Hemorrhagic (1647).jpg,0
Hemorrhagic (1648).jpg,0
Hemorrhagic (1649).jpg,0
Hemorrhagic (1650).jpg,0
Hemorrhagic (1651).jpg,0
Hemorrhagic (1652).jpg,0
Hemorrhagic (1653).jpg,0
Hemorrhagic (1654).jpg,0
Hemorrhagic (1655).jpg,0
Hemorrhagic (1656).jpg,0
Hemorrhagic (1657).jpg,0
Hemorrhagic (1658).jpg,0
Hemorrhagic (1659).jpg,0
Hemorrhagic (1660).jpg,0
Hemorrhagic (1661).jpg,0
Hemorrhagic (1662).jpg,0
Hemorrhagic (1663).jpg,0
Hemorrhagic (1664).jpg,0
Hemorrhagic (1665).jpg,0
Hemorrhagic (1666).jpg,0
Hemorrhagic (1667).jpg,0
Hemorrhagic (1668).jpg,0
Hemorrhagic (1669).jpg,0
Hemorrhagic (1670).jpg,0
Hemorrhagic (1671).jpg,0
Hemorrhagic (1672).jpg,0
Hemorrhagic (1673).jpg,0
Hemorrhagic (1674).jpg,0
Hemorrhagic (1675).jpg,0
Hemorrhagic (1676).jpg,0
Hemorrhagic (1677).jpg,0
Hemorrhagic (1678).jpg,0
Hemorrhagic (1679).jpg,0
Hemorrhagic (1680).jpg,0
Hemorrhagic (1681).jpg,0
Hemorrhagic (1682).jpg,0
Hemorrhagic (1683).jpg,0
Hemorrhagic (1684).jpg,0
Hemorrhagic (1685).jpg,0
Hemorrhagic (1686).jpg,0
Hemorrhagic (1687).jpg,0
Hemorrhagic (1688).jpg,0
Hemorrhagic (1689).JPG,0
Hemorrhagic (1690).JPG,0
Hemorrhagic (1691).jpg,0
Hemorrhagic (1692).jpg,0
Hemorrhagic (1693).jpg,0
Hemorrhagic (1694).jpg,0
Hemorrhagic (1695).jpg,0
Hemorrhagic (1696).jpg,0
Hemorrhagic (1697).jpg,0
Hemorrhagic (1698).jpg,0
Hemorrhagic (1699).jpg,0
Hemorrhagic (1700).jpg,0
Hemorrhagic (1701).jpg,0
Hemorrhagic (1702).jpg,0
Hemorrhagic (1703).jpg,0
Hemorrhagic (1704).jpg,0
Hemorrhagic (1705).jpg,0
Hemorrhagic (1706).jpg,0
Hemorrhagic (1707).jpg,0
Hemorrhagic (1708).jpg,0
Hemorrhagic (1709).jpg,0
Hemorrhagic (1710).jpg,0
Hemorrhagic (1711).jpg,0
Hemorrhagic (1712).jpg,0
Hemorrhagic (1713).jpg,0
Hemorrhagic (1714).jpg,0
Hemorrhagic (1715).jpg,0
Hemorrhagic (1716).jpg,0
Hemorrhagic (1717).jpg,0
Hemorrhagic (1718).jpg,0
Hemorrhagic (1719).jpg,0
Hemorrhagic (1720).jpg,0
Hemorrhagic (1721).jpg,0
Hemorrhagic (1722).jpg,0
Hemorrhagic (1723).jpg,0
Hemorrhagic (1724).jpg,0
Hemorrhagic (1725).jpg,0
Hemorrhagic (1726).jpg,0
Hemorrhagic (1727).jpg,0
Hemorrhagic (1728).jpg,0
Hemorrhagic (1729).jpg,0
Hemorrhagic (1730).jpg,0
Hemorrhagic (1731).jpg,0
Hemorrhagic (1732).jpg,0
Hemorrhagic (1733).jpg,0
Hemorrhagic (1734).jpg,0
Hemorrhagic (1735).jpg,0
Hemorrhagic (1736).jpg,0
Hemorrhagic (1737).jpg,0
Hemorrhagic (1738).jpg,0
Hemorrhagic (870).jpg,0
Hemorrhagic (871).jpg,0
Hemorrhagic (872).jpg,0
Hemorrhagic (873).jpg,0
Hemorrhagic (874).jpg,0
Hemorrhagic (875).jpg,0
Hemorrhagic (876).jpg,0
Hemorrhagic (877).jpg,0
Hemorrhagic (878).jpg,0
Hemorrhagic (879).jpg,0
Hemorrhagic (880).jpg,0
Hemorrhagic (881).JPG,0
Hemorrhagic (882).jpg,0
Hemorrhagic (883).jpg,0
Hemorrhagic (884).jpg,0
Hemorrhagic (885).jpg,0
Hemorrhagic (886).jpg,0
Hemorrhagic (887).jpg,0
Hemorrhagic (888).jpg,0
Hemorrhagic (889).jpg,0
Hemorrhagic (890).jpg,0
Hemorrhagic (891).jpg,0
Hemorrhagic (892).jpg,0
Hemorrhagic (893).jpg,0
Hemorrhagic (894).jpg,0
Hemorrhagic (895).jpg,0
Hemorrhagic (896).jpg,0
Hemorrhagic (897).jpg,0
Hemorrhagic (898).jpg,0
Hemorrhagic (899).jpg,0
Hemorrhagic (900).jpg,0
Hemorrhagic (901).jpg,0
Hemorrhagic (902).jpg,0
Hemorrhagic (903).jpg,0
Hemorrhagic (904).jpg,0
Hemorrhagic (905).jpg,0
Hemorrhagic (906).jpg,0
Hemorrhagic (907).jpg,0
Hemorrhagic (908).jpg,0
Hemorrhagic (909).jpg,0
Hemorrhagic (910).jpg,0
Hemorrhagic (911).jpg,0
Hemorrhagic (912).jpg,0
Hemorrhagic (913).jpg,0
Hemorrhagic (914).jpg,0
Hemorrhagic (915).jpg,0
Hemorrhagic (916).jpg,0
Hemorrhagic (917).jpg,0
Hemorrhagic (918).jpg,0
Hemorrhagic (919).jpg,0
Hemorrhagic (920).jpg,0
Hemorrhagic (921).jpg,0
Hemorrhagic (922).jpg,0
Hemorrhagic (923).jpg,0
Hemorrhagic (924).jpg,0
Hemorrhagic (925).jpg,0
Hemorrhagic (926).jpg,0
Hemorrhagic (927).jpg,0
Hemorrhagic (928).jpg,0
Hemorrhagic (929).jpg,0
Hemorrhagic (930).jpg,0
Hemorrhagic (931).jpg,0
Hemorrhagic (932).jpg,0
Hemorrhagic (933).jpg,0
Hemorrhagic (934).jpg,0
Hemorrhagic (935).jpg,0
Hemorrhagic (936).jpg,0
Hemorrhagic (937).jpg,0
Hemorrhagic (938).jpg,0
Hemorrhagic (939).jpg,0
Hemorrhagic (940).jpg,0
Hemorrhagic (941).jpg,0
Hemorrhagic (942).jpg,0
Hemorrhagic (943).jpg,0
Hemorrhagic (944).jpg,0
Hemorrhagic (945).jpg,0
Hemorrhagic (946).jpg,0
Hemorrhagic (947).jpg,0
Hemorrhagic (948).jpg,0
Hemorrhagic (949).jpg,0
Hemorrhagic (950).jpg,0
Hemorrhagic (951).jpg,0
Hemorrhagic (952).jpg,0
Hemorrhagic (953).jpg,0
Hemorrhagic (954).jpg,0
Hemorrhagic (955).jpg,0
Hemorrhagic (956).jpg,0
Hemorrhagic (957).jpg,0
Hemorrhagic (958).jpg,0
Hemorrhagic (959).jpg,0
Hemorrhagic (960).jpg,0
Hemorrhagic (961).jpg,0
Hemorrhagic (962).jpg,0
Hemorrhagic (963).jpg,0
Hemorrhagic (964).jpg,0
Hemorrhagic (965).jpg,0
Hemorrhagic (966).jpg,0
Hemorrhagic (967).jpg,0
Hemorrhagic (968).jpg,0
Hemorrhagic (969).jpg,0
Hemorrhagic (970).jpg,0
Hemorrhagic (971).jpg,0
Hemorrhagic (972).jpg,0
Hemorrhagic (973).jpg,0
Hemorrhagic (974).jpg,0
Hemorrhagic (975).jpg,0
Hemorrhagic (976).jpg,0
Hemorrhagic (977).jpg,0
Hemorrhagic (978).jpg,0
Hemorrhagic (979).jpg,0
Hemorrhagic (980).jpg,0
Hemorrhagic (981).jpg,0
Hemorrhagic (982).jpg,0
Hemorrhagic (983).jpg,0
Hemorrhagic (984).jpg,0
Hemorrhagic (985).jpg,0
Hemorrhagic (986).jpg,0
Hemorrhagic (987).jpg,0
Hemorrhagic (988).jpg,0
Hemorrhagic (989).jpg,0
Hemorrhagic (990).jpg,0
Hemorrhagic (991).jpg,0
Hemorrhagic (992).jpg,0
Hemorrhagic (993).jpg,0
Hemorrhagic (994).jpg,0
Hemorrhagic (995).jpg,0
Hemorrhagic (996).jpg,0
Hemorrhagic (997).jpg,0
Hemorrhagic (998).jpg,0
Hemorrhagic (999).jpg,0
ischemic (1000).jpg,1
ischemic (1001).jpg,1
ischemic (1002).jpg,1
ischemic (1003).jpg,1
ischemic (1004).jpg,1
ischemic (1005).jpg,1
ischemic (1006).jpg,1
ischemic (1007).jpg,1
ischemic (1008).jpg,1
ischemic (1009).jpg,1
ischemic (1010).jpg,1
ischemic (1011).jpg,1
ischemic (1012).jpg,1
ischemic (1013).jpg,1
ischemic (1014).jpg,1
ischemic (1015).jpg,1
ischemic (1016).jpg,1
ischemic (1017).jpg,1
ischemic (1018).jpg,1
ischemic (1019).jpg,1
ischemic (1020).jpg,1
ischemic (1021).jpg,1
ischemic (1022).jpg,1
ischemic (1023).jpg,1
ischemic (1024).jpg,1
ischemic (1025).jpg,1
ischemic (1026).jpg,1
ischemic (1027).jpg,1
ischemic (1028).jpg,1
ischemic (1029).jpg,1
ischemic (1030).jpg,1
ischemic (1031).jpg,1
ischemic (1032).jpg,1
ischemic (1033).jpg,1
ischemic (1034).jpg,1
ischemic (1035).jpg,1
ischemic (1036).jpg,1
ischemic (1037).jpg,1
ischemic (1038).jpg,1
ischemic (1039).jpg,1
ischemic (1040).jpg,1
ischemic (1041).jpg,1
ischemic (1042).jpg,1
ischemic (1043).jpg,1
ischemic (1044).jpg,1
ischemic (1045).jpg,1
ischemic (1046).jpg,1
ischemic (1047).jpg,1
ischemic (1048).jpg,1
ischemic (1049).jpg,1
ischemic (1050).jpg,1
ischemic (1051).jpg,1
ischemic (1052).jpg,1
ischemic (1053).jpg,1
ischemic (1054).jpg,1
ischemic (1055).jpg,1
ischemic (1056).jpg,1
ischemic (1057).jpg,1
ischemic (1058).jpg,1
ischemic (1059).jpg,1
ischemic (1060).jpg,1
ischemic (1061).jpg,1
ischemic (1062).jpg,1
ischemic (1063).jpg,1
ischemic (1064).jpg,1
ischemic (1065).jpg,1
ischemic (1066).jpg,1
ischemic (1067).jpg,1
ischemic (1068).jpg,1
ischemic (1069).jpg,1
ischemic (1070).jpg,1
ischemic (1071).jpg,1
ischemic (1072).jpg,1
ischemic (1073).jpg,1
ischemic (1074).jpg,1
ischemic (1075).jpg,1
ischemic (1076).jpg,1
ischemic (1077).jpg,1
ischemic (1078).jpg,1
ischemic (1079).jpg,1
ischemic (1080).jpg,1
ischemic (1081).jpg,1
ischemic (1082).jpg,1
ischemic (1083).jpg,1
ischemic (1084).jpg,1
ischemic (1085).jpg,1
ischemic (1086).jpg,1
ischemic (1087).jpg,1
ischemic (1088).jpg,1
ischemic (1089).jpg,1
ischemic (1090).jpg,1
ischemic (1091).jpg,1
ischemic (1092).jpg,1
ischemic (1093).jpg,1
ischemic (1094).jpg,1
ischemic (1095).jpg,1
ischemic (1096).jpg,1
ischemic (1097).jpg,1
ischemic (1098).jpg,1
ischemic (1099).jpg,1
ischemic (1100).jpg,1
ischemic (1101).jpg,1
ischemic (1102).jpg,1
ischemic (1103).jpg,1
ischemic (1104).jpg,1
ischemic (1105).jpg,1
ischemic (1106).jpg,1
ischemic (1107).jpg,1
ischemic (1108).jpg,1
ischemic (1109).jpg,1
ischemic (1110).jpg,1
ischemic (1111).jpg,1
ischemic (1112).jpg,1
ischemic (1113).jpg,1
ischemic (1114).jpg,1
ischemic (1115).jpg,1
ischemic (1116).jpg,1
ischemic (1117).jpg,1
ischemic (1118).jpg,1
ischemic (1119).jpg,1
ischemic (1120).jpg,1
ischemic (1121).jpg,1
ischemic (1122).jpg,1
ischemic (1123).jpg,1
ischemic (1124).jpg,1
ischemic (1125).jpg,1
ischemic (1126).jpg,1
ischemic (1127).jpg,1
ischemic (1128).jpg,1
ischemic (1129).jpg,1
ischemic (1130).jpg,1
ischemic (1131).jpg,1
ischemic (1132).jpg,1
ischemic (1133).jpg,1
ischemic (1134).jpg,1
ischemic (1135).jpg,1
ischemic (1136).jpg,1
ischemic (1137).jpg,1
ischemic (1138).jpg,1
ischemic (1139).jpg,1
ischemic (1140).jpg,1
ischemic (1141).jpg,1
ischemic (1142).jpg,1
ischemic (1143).jpg,1
ischemic (1144).jpg,1
ischemic (1145).jpg,1
ischemic (1146).jpg,1
ischemic (1147).jpg,1
ischemic (1148).jpg,1
ischemic (1149).jpg,1
ischemic (1150).jpg,1
ischemic (1151).jpg,1
ischemic (1152).jpg,1
ischemic (1153).jpg,1
ischemic (1154).jpg,1
ischemic (1155).jpg,1
ischemic (1156).jpg,1
ischemic (1157).jpg,1
ischemic (1158).jpg,1
ischemic (1159).jpg,1
ischemic (1160).jpg,1
ischemic (1161).jpg,1
ischemic (1162).jpg,1
ischemic (1163).jpg,1
ischemic (1164).jpg,1
ischemic (1165).jpg,1
ischemic (1166).jpg,1
ischemic (1167).jpg,1
ischemic (1168).jpg,1
ischemic (1169).jpg,1
ischemic (1170).jpg,1
ischemic (1171).jpg,1
ischemic (1172).jpg,1
ischemic (1173).jpg,1
ischemic (1174).jpg,1
ischemic (1175).jpg,1
ischemic (1176).jpg,1
ischemic (1177).jpg,1
ischemic (1178).jpg,1
ischemic (1179).jpg,1
ischemic (1180).jpg,1
ischemic (1181).jpg,1
ischemic (1182).jpg,1
ischemic (1183).jpg,1
ischemic (1184).jpg,1
ischemic (1185).jpg,1
ischemic (1186).jpg,1
ischemic (1187).jpg,1
ischemic (1188).jpg,1
ischemic (1189).jpg,1
ischemic (1190).jpg,1
ischemic (1191).jpg,1
ischemic (1192).jpg,1
ischemic (1193).jpg,1
ischemic (1194).jpg,1
ischemic (1195).jpg,1
ischemic (1196).jpg,1
ischemic (1197).jpg,1
ischemic (1198).jpg,1
ischemic (1199).jpg,1
ischemic (1200).jpg,1
ischemic (1201).jpg,1
ischemic (1202).jpg,1
ischemic (1203).jpg,1
ischemic (1204).jpg,1
ischemic (1205).jpg,1
ischemic (1206).jpg,1
ischemic (1207).jpg,1
ischemic (1208).jpg,1
ischemic (1209).jpg,1
ischemic (1210).jpg,1
ischemic (1211).jpg,1
ischemic (1212).jpg,1
ischemic (1213).jpg,1
ischemic (1214).jpg,1
ischemic (1215).jpg,1
ischemic (1216).jpg,1
ischemic (1217).jpg,1
ischemic (1218).jpg,1
ischemic (1219).jpg,1
ischemic (1220).jpg,1
ischemic (1221).jpg,1
ischemic (1222).jpg,1
ischemic (1223).jpg,1
ischemic (1224).jpg,1
ischemic (1225).jpg,1
ischemic (1226).jpg,1
ischemic (1227).jpg,1
ischemic (1228).jpg,1
ischemic (1229).jpg,1
ischemic (1230).jpg,1
ischemic (1231).jpg,1
ischemic (1232).jpg,1
ischemic (1233).jpg,1
ischemic (1234).jpg,1
ischemic (1235).jpg,1
ischemic (1236).jpg,1
ischemic (1237).jpg,1
ischemic (1238).jpg,1
ischemic (1239).jpg,1
ischemic (1240).jpg,1
ischemic (1241).jpg,1
ischemic (1242).jpg,1
ischemic (1243).jpg,1
ischemic (1244).jpg,1
ischemic (1245).jpg,1
ischemic (1246).jpg,1
ischemic (1247).jpg,1
ischemic (1248).jpg,1
ischemic (1249).jpg,1
ischemic (1250).jpg,1
ischemic (1251).jpg,1
ischemic (1252).jpg,1
ischemic (1253).jpg,1
ischemic (1254).jpg,1
ischemic (1255).jpg,1
ischemic (1256).jpg,1
ischemic (1257).jpg,1
ischemic (1258).jpg,1
ischemic (1259).jpg,1
ischemic (1260).jpg,1
ischemic (1261).jpg,1
ischemic (1262).jpg,1
ischemic (1263).jpg,1
ischemic (1264).jpg,1
ischemic (1265).jpg,1
ischemic (1266).jpg,1
ischemic (1267).jpg,1
ischemic (1268).jpg,1
ischemic (1269).jpg,1
ischemic (1270).jpg,1
ischemic (1271).jpg,1
ischemic (1272).jpg,1
ischemic (1273).jpg,1
ischemic (1274).jpg,1
ischemic (1275).jpg,1
ischemic (1276).jpg,1
ischemic (1277).jpg,1
ischemic (1278).jpg,1
ischemic (1279).jpg,1
ischemic (1280).jpg,1
ischemic (1281).jpg,1
ischemic (1282).jpg,1
ischemic (1283).jpg,1
ischemic (1284).jpg,1
ischemic (1285).jpg,1
ischemic (1286).jpg,1
ischemic (1287).jpg,1
ischemic (1288).jpg,1
ischemic (1289).jpg,1
ischemic (1290).jpg,1
ischemic (1291).jpg,1
ischemic (1292).jpg,1
ischemic (1293).jpg,1
ischemic (1294).jpg,1
ischemic (1295).jpg,1
ischemic (1296).jpg,1
ischemic (1297).jpg,1
ischemic (1298).jpg,1
ischemic (1299).jpg,1
ischemic (1300).jpg,1
ischemic (1301).jpg,1
ischemic (1302).jpg,1
ischemic (1303).jpg,1
ischemic (1304).jpg,1
ischemic (1305).jpg,1
ischemic (1306).jpg,1
ischemic (1307).jpg,1
ischemic (1308).jpg,1
ischemic (1309).jpg,1
ischemic (1310).jpg,1
ischemic (1311).jpg,1
ischemic (1312).jpg,1
ischemic (1313).jpg,1
ischemic (1314).jpg,1
ischemic (1315).jpg,1
ischemic (1316).jpg,1
ischemic (1317).jpg,1
ischemic (1318).jpg,1
ischemic (1319).jpg,1
ischemic (1320).jpg,1
ischemic (1321).jpg,1
ischemic (1322).jpg,1
ischemic (1323).jpg,1
ischemic (1324).jpg,1
ischemic (1325).jpg,1
ischemic (1326).jpg,1
ischemic (1327).jpg,1
ischemic (1328).jpg,1
ischemic (1329).jpg,1
ischemic (1330).jpg,1
ischemic (1331).jpg,1
ischemic (1332).jpg,1
ischemic (1333).jpg,1
ischemic (1334).jpg,1
ischemic (1335).jpg,1
ischemic (1336).jpg,1
ischemic (1337).jpg,1
ischemic (1338).jpg,1
ischemic (1339).jpg,1
ischemic (1340).jpg,1
ischemic (1341).jpg,1
ischemic (1342).jpg,1
ischemic (1343).jpg,1
ischemic (1344).jpg,1
ischemic (1345).jpg,1
ischemic (1346).jpg,1
ischemic (1347).jpg,1
ischemic (1348).jpg,1
ischemic (1349).jpg,1
ischemic (1350).jpg,1
ischemic (1351).jpg,1
ischemic (1352).jpg,1
ischemic (1353).jpg,1
ischemic (1354).jpg,1
ischemic (1355).jpg,1
ischemic (1356).jpg,1
ischemic (1357).jpg,1
ischemic (1358).jpg,1
ischemic (1359).jpg,1
ischemic (1360).jpg,1
ischemic (1361).jpg,1
ischemic (1362).jpg,1
ischemic (1363).jpg,1
ischemic (1364).jpg,1
ischemic (1365).jpg,1
ischemic (1366).jpg,1
ischemic (1367).jpg,1
ischemic (1368).jpg,1
ischemic (1369).jpg,1
ischemic (1370).jpg,1
ischemic (1371).jpg,1
ischemic (1372).jpg,1
ischemic (1373).jpg,1
ischemic (1374).jpg,1
ischemic (1375).jpg,1
ischemic (1376).jpg,1
ischemic (1377).jpg,1
ischemic (1378).jpg,1
ischemic (1379).jpg,1
ischemic (1380).jpg,1
ischemic (1381).jpg,1
ischemic (1382).jpg,1
ischemic (1383).jpg,1
ischemic (1384).jpg,1
ischemic (1385).jpg,1
ischemic (1386).jpg,1
ischemic (1387).jpg,1
ischemic (1388).jpg,1
ischemic (1389).jpg,1
ischemic (1390).jpg,1
ischemic (1391).jpg,1
ischemic (1392).jpg,1
ischemic (1393).jpg,1
ischemic (1394).jpg,1
ischemic (1395).jpg,1
ischemic (1396).jpg,1
ischemic (1397).jpg,1
ischemic (1398).jpg,1
ischemic (1399).jpg,1
ischemic (1400).jpg,1
ischemic (1401).jpg,1
ischemic (1402).jpg,1
ischemic (1403).jpg,1
ischemic (1404).jpg,1
ischemic (1405).jpg,1
ischemic (1406).jpg,1
ischemic (1407).jpg,1
ischemic (1408).jpg,1
ischemic (1409).jpg,1
ischemic (1410).jpg,1
ischemic (1411).jpg,1
ischemic (1412).jpg,1
ischemic (1413).jpg,1
ischemic (1414).jpg,1
ischemic (1415).jpg,1
ischemic (1416).jpg,1
ischemic (1417).jpg,1
ischemic (1418).jpg,1
ischemic (1419).jpg,1
ischemic (1420).jpg,1
ischemic (1421).jpg,1
ischemic (1422).jpg,1
ischemic (1423).jpg,1
ischemic (1424).jpg,1
ischemic (1425).jpg,1
ischemic (1426).jpg,1
ischemic (1427).jpg,1
ischemic (1428).jpg,1
ischemic (1429).jpg,1
ischemic (1430).jpg,1
ischemic (1431).jpg,1
ischemic (1432).jpg,1
ischemic (1433).jpg,1
ischemic (1434).jpg,1
ischemic (1435).jpg,1
ischemic (1436).jpg,1
ischemic (1437).jpg,1
ischemic (1438).jpg,1
ischemic (1439).jpg,1
ischemic (1440).jpg,1
ischemic (1441).jpg,1
ischemic (1442).jpg,1
ischemic (1443).jpg,1
ischemic (1444).jpg,1
ischemic (1445).jpg,1
ischemic (1446).jpg,1
ischemic (1447).jpg,1
ischemic (1448).jpg,1
ischemic (1449).jpg,1
ischemic (1450).jpg,1
ischemic (1451).jpg,1
ischemic (1452).jpg,1
ischemic (1453).jpg,1
ischemic (1454).jpg,1
ischemic (1455).jpg,1
ischemic (1456).jpg,1
ischemic (1457).jpg,1
ischemic (1458).jpg,1
ischemic (1459).jpg,1
ischemic (1460).jpg,1
ischemic (1461).jpg,1
ischemic (1462).jpg,1
ischemic (1463).jpg,1
ischemic (1464).jpg,1
ischemic (1465).jpg,1
ischemic (1466).jpg,1
ischemic (1467).jpg,1
ischemic (1468).jpg,1
ischemic (1469).jpg,1
ischemic (1470).jpg,1
ischemic (1471).jpg,1
ischemic (1472).jpg,1
ischemic (1473).jpg,1
ischemic (1474).jpg,1
ischemic (1475).jpg,1
ischemic (1476).jpg,1
ischemic (1477).jpg,1
ischemic (1478).jpg,1
ischemic (1479).jpg,1
ischemic (1480).jpg,1
ischemic (1481).jpg,1
ischemic (1482).jpg,1
ischemic (1483).jpg,1
ischemic (1484).jpg,1
ischemic (1485).jpg,1
ischemic (1486).jpg,1
ischemic (1487).jpg,1
ischemic (1488).jpg,1
ischemic (1489).jpg,1
ischemic (1490).jpg,1
ischemic (1491).jpg,1
ischemic (1492).jpg,1
ischemic (1493).jpg,1
ischemic (1494).jpg,1
ischemic (1495).jpg,1
ischemic (1496).jpg,1
ischemic (1497).jpg,1
ischemic (1498).jpg,1
ischemic (1499).jpg,1
ischemic (1500).jpg,1
ischemic (1501).jpg,1
ischemic (1502).jpg,1
ischemic (1503).jpg,1
ischemic (1504).jpg,1
ischemic (1505).jpg,1
ischemic (1506).jpg,1
ischemic (1507).jpg,1
ischemic (1508).jpg,1
ischemic (1509).jpg,1
ischemic (1510).jpg,1
ischemic (1511).jpg,1
ischemic (1512).jpg,1
ischemic (1513).jpg,1
ischemic (1514).jpg,1
ischemic (1515).jpg,1
ischemic (1516).jpg,1
ischemic (1517).jpg,1
ischemic (1518).jpg,1
ischemic (1519).jpg,1
ischemic (1520).jpg,1
ischemic (1521).jpg,1
ischemic (1522).jpg,1
ischemic (1523).jpg,1
ischemic (1524).jpg,1
ischemic (1525).jpg,1
ischemic (1526).jpg,1
ischemic (1527).jpg,1
ischemic (1528).jpg,1
ischemic (1529).jpg,1
ischemic (1530).jpg,1
ischemic (1531).jpg,1
ischemic (1532).jpg,1
ischemic (1533).jpg,1
ischemic (1534).jpg,1
ischemic (1535).jpg,1
ischemic (1536).jpg,1
ischemic (1537).jpg,1
ischemic (1538).jpg,1
ischemic (1539).jpg,1
ischemic (1540).jpg,1
ischemic (1541).jpg,1
ischemic (1542).jpg,1
ischemic (1543).jpg,1
ischemic (1544).jpg,1
ischemic (1545).jpg,1
ischemic (1546).jpg,1
ischemic (1547).jpg,1
ischemic (1548).jpg,1
ischemic (1549).jpg,1
ischemic (1550).jpg,1
ischemic (1551).jpg,1
ischemic (1552).jpg,1
ischemic (1553).jpg,1
ischemic (1554).jpg,1
ischemic (1555).jpg,1
ischemic (1556).jpg,1
ischemic (1557).jpg,1
ischemic (1558).jpg,1
ischemic (1559).jpg,1
ischemic (1560).jpg,1
ischemic (1561).jpg,1
ischemic (1562).jpg,1
ischemic (1563).jpg,1
ischemic (1564).jpg,1
ischemic (1565).jpg,1
ischemic (1566).jpg,1
ischemic (1567).jpg,1
ischemic (1568).jpg,1
ischemic (1569).jpg,1
ischemic (1570).jpg,1
ischemic (1571).jpg,1
ischemic (1572).jpg,1
ischemic (1573).jpg,1
ischemic (1574).jpg,1
ischemic (1575).jpg,1
ischemic (1576).jpg,1
ischemic (1577).jpg,1
ischemic (1578).jpg,1
ischemic (1579).jpg,1
ischemic (1580).jpg,1
ischemic (1581).jpg,1
ischemic (1582).jpg,1
ischemic (1583).jpg,1
ischemic (1584).jpg,1
ischemic (1585).jpg,1
ischemic (1586).jpg,1
ischemic (1587).jpg,1
ischemic (1588).jpg,1
ischemic (1589).jpg,1
ischemic (1590).jpg,1
ischemic (1591).jpg,1
ischemic (1592).jpg,1
ischemic (1593).jpg,1
ischemic (1594).jpg,1
ischemic (1595).jpg,1
ischemic (1596).jpg,1
ischemic (1597).jpg,1
ischemic (1598).jpg,1
ischemic (1599).jpg,1
ischemic (1600).jpg,1
ischemic (1601).jpg,1
ischemic (1602).jpg,1
ischemic (1603).jpg,1
ischemic (1604).jpg,1
ischemic (1605).jpg,1
ischemic (1606).jpg,1
ischemic (1607).jpg,1
ischemic (1608).jpg,1
ischemic (1609).jpg,1
ischemic (1610).jpg,1
ischemic (1611).jpg,1
ischemic (1612).jpg,1
ischemic (1613).jpg,1
ischemic (1614).jpg,1
ischemic (1615).jpg,1
ischemic (1616).jpg,1
ischemic (1617).jpg,1
ischemic (1618).jpg,1
ischemic (1619).jpg,1
ischemic (1620).jpg,1
ischemic (1621).jpg,1
ischemic (1622).jpg,1
ischemic (1623).jpg,1
ischemic (1624).jpg,1
ischemic (1625).jpg,1
ischemic (1626).jpg,1
ischemic (1627).jpg,1
ischemic (1628).jpg,1
ischemic (1629).jpg,1
ischemic (1630).jpg,1
ischemic (1631).jpg,1
ischemic (1632).jpg,1
ischemic (1633).jpg,1
ischemic (1634).jpg,1
ischemic (1635).jpg,1
ischemic (1636).jpg,1
ischemic (1637).jpg,1
ischemic (1638).jpg,1
ischemic (1639).jpg,1
ischemic (1640).jpg,1
ischemic (1641).jpg,1
ischemic (1642).jpg,1
ischemic (1643).jpg,1
ischemic (1644).jpg,1
ischemic (1645).jpg,1
ischemic (1646).jpg,1
ischemic (1647).jpg,1
ischemic (1648).jpg,1
ischemic (1649).jpg,1
ischemic (1650).jpg,1
ischemic (1651).jpg,1
ischemic (1652).jpg,1
ischemic (1653).jpg,1
ischemic (1654).jpg,1
ischemic (1655).jpg,1
ischemic (1656).jpg,1
ischemic (1657).jpg,1
ischemic (1658).jpg,1
ischemic (1659).jpg,1
ischemic (1660).jpg,1
ischemic (1661).jpg,1
ischemic (1662).jpg,1
ischemic (1663).jpg,1
ischemic (1664).jpg,1
ischemic (1665).jpg,1
ischemic (1666).jpg,1
ischemic (1667).jpg,1
ischemic (1668).jpg,1
ischemic (1669).jpg,1
ischemic (1670).jpg,1
ischemic (1671).jpg,1
ischemic (1672).jpg,1
ischemic (1673).jpg,1
ischemic (1674).jpg,1
ischemic (1675).jpg,1
ischemic (1676).jpg,1
ischemic (1677).jpg,1
ischemic (1678).jpg,1
ischemic (1679).jpg,1
ischemic (1680).jpg,1
ischemic (1681).jpg,1
ischemic (1682).jpg,1
ischemic (1683).jpg,1
ischemic (1684).jpg,1
ischemic (1685).jpg,1
ischemic (1686).jpg,1
ischemic (1687).jpg,1
ischemic (1688).jpg,1
ischemic (1689).jpg,1
ischemic (1690).jpg,1
ischemic (1691).jpg,1
ischemic (1692).jpg,1
ischemic (1693).jpg,1
ischemic (1694).jpg,1
ischemic (1695).jpg,1
ischemic (1696).jpg,1
ischemic (1697).jpg,1
ischemic (1698).jpg,1
ischemic (1699).jpg,1
ischemic (1700).jpg,1
ischemic (1701).jpg,1
ischemic (1702).jpg,1
ischemic (1703).jpg,1
ischemic (1704).jpg,1
ischemic (1705).jpg,1
ischemic (1706).jpg,1
ischemic (1707).jpg,1
ischemic (1708).jpg,1
ischemic (1709).jpg,1
ischemic (1710).jpg,1
ischemic (1711).jpg,1
ischemic (1712).jpg,1
ischemic (1713).jpg,1
ischemic (1714).jpg,1
ischemic (1715).jpg,1
ischemic (1716).jpg,1
ischemic (1717).jpg,1
ischemic (1718).jpg,1
ischemic (1719).jpg,1
ischemic (1720).jpg,1
ischemic (1721).jpg,1
ischemic (1722).jpg,1
ischemic (1723).jpg,1
ischemic (1724).jpg,1
ischemic (1725).jpg,1
ischemic (1726).jpg,1
ischemic (1727).jpg,1
ischemic (1728).jpg,1
ischemic (1729).jpg,1
ischemic (1730).jpg,1
ischemic (1731).jpg,1
ischemic (1732).jpg,1
ischemic (1733).jpg,1
ischemic (1734).jpg,1
ischemic (1735).jpg,1
ischemic (1736).jpg,1
ischemic (1737).jpg,1
ischemic (1738).jpg,1
ischemic (870).jpg,1
ischemic (871).jpg,1
ischemic (872).jpg,1
ischemic (873).jpg,1
ischemic (874).jpg,1
ischemic (875).jpg,1
ischemic (876).jpg,1
ischemic (877).jpg,1
ischemic (878).jpg,1
ischemic (879).jpg,1
ischemic (880).jpg,1
ischemic (881).jpg,1
ischemic (882).jpg,1
ischemic (883).jpg,1
ischemic (884).jpg,1
ischemic (885).jpg,1
ischemic (886).jpg,1
ischemic (887).jpg,1
ischemic (888).jpg,1
ischemic (889).jpg,1
ischemic (890).jpg,1
ischemic (891).jpg,1
ischemic (892).jpg,1
ischemic (893).jpg,1
ischemic (894).jpg,1
ischemic (895).jpg,1
ischemic (896).jpg,1
ischemic (897).jpg,1
ischemic (898).jpg,1
ischemic (899).jpg,1
ischemic (900).jpg,1
ischemic (901).jpg,1
ischemic (902).jpg,1
ischemic (903).jpg,1
ischemic (904).jpg,1
ischemic (905).jpg,1
ischemic (906).jpg,1
ischemic (907).jpg,1
ischemic (908).jpg,1
ischemic (909).jpg,1
ischemic (910).jpg,1
ischemic (911).jpg,1
ischemic (912).jpg,1
ischemic (913).jpg,1
ischemic (914).jpg,1
ischemic (915).jpg,1
ischemic (916).jpg,1
ischemic (917).jpg,1
ischemic (918).jpg,1
ischemic (919).jpg,1
ischemic (920).jpg,1
ischemic (921).jpg,1
ischemic (922).jpg,1
ischemic (923).jpg,1
ischemic (924).jpg,1
ischemic (925).jpg,1
ischemic (926).jpg,1
ischemic (927).jpg,1
ischemic (928).jpg,1
ischemic (929).jpg,1
ischemic (930).jpg,1
ischemic (931).jpg,1
ischemic (932).jpg,1
ischemic (933).jpg,1
ischemic (934).jpg,1
ischemic (935).jpg,1
ischemic (936).jpg,1
ischemic (937).jpg,1
ischemic (938).jpg,1
ischemic (939).jpg,1
ischemic (940).jpg,1
ischemic (941).jpg,1
ischemic (942).jpg,1
ischemic (943).jpg,1
ischemic (944).jpg,1
ischemic (945).jpg,1
ischemic (946).jpg,1
ischemic (947).jpg,1
ischemic (948).jpg,1
ischemic (949).jpg,1
ischemic (950).jpg,1
ischemic (951).jpg,1
ischemic (952).jpg,1
ischemic (953).jpg,1
ischemic (954).jpg,1
ischemic (955).jpg,1
ischemic (956).jpg,1
ischemic (957).jpg,1
ischemic (958).jpg,1
ischemic (959).jpg,1
ischemic (960).jpg,1
ischemic (961).jpg,1
ischemic (962).jpg,1
ischemic (963).jpg,1
ischemic (964).jpg,1
ischemic (965).jpg,1
ischemic (966).jpg,1
ischemic (967).jpg,1
ischemic (968).jpg,1
ischemic (969).jpg,1
ischemic (970).jpg,1
ischemic (971).jpg,1
ischemic (972).jpg,1
ischemic (973).jpg,1
ischemic (974).jpg,1
ischemic (975).jpg,1
ischemic (976).jpg,1
ischemic (977).jpg,1
ischemic (978).jpg,1
ischemic (979).jpg,1
ischemic (980).jpg,1
ischemic (981).jpg,1
ischemic (982).jpg,1
ischemic (983).jpg,1
ischemic (984).jpg,1
ischemic (985).jpg,1
ischemic (986).jpg,1
ischemic (987).jpg,1
ischemic (988).jpg,1
ischemic (989).jpg,1
ischemic (990).jpg,1
ischemic (991).jpg,1
ischemic (992).jpg,1
ischemic (993).jpg,1
ischemic (994).jpg,1
ischemic (995).jpg,1
ischemic (996).jpg,1
ischemic (997).jpg,1
ischemic (998).jpg,1
ischemic (999).jpg,1
