x:image,filename,label
Hemorrhagic (1).jpg,Hemorrhagic (1).jpg,1
Hemorrhagic (10).jpg,Hemorrhagic (10).jpg,1
Hemorrhagic (100).jpg,Hemorrhagic (100).jpg,1
Hemorrhagic (101).jpg,Hemorrhagic (101).jpg,1
Hemorrhagic (102).jpg,Hemorrhagic (102).jpg,1
Hemorrhagic (103).jpg,Hemorrhagic (103).jpg,1
Hemorrhagic (104).jpg,Hemorrhagic (104).jpg,1
Hemorrhagic (105).jpg,Hemorrhagic (105).jpg,1
Hemorrhagic (106).jpg,Hemorrhagic (106).jpg,1
Hemorrhagic (107).jpg,Hemorrhagic (107).jpg,1
Hemorrhagic (108).jpg,Hemorrhagic (108).jpg,1
Hemorrhagic (109).jpg,Hemorrhagic (109).jpg,1
Hemorrhagic (11).jpg,Hemorrhagic (11).jpg,1
Hemorrhagic (110).jpg,Hemorrhagic (110).jpg,1
Hemorrhagic (111).jpg,Hemorrhagic (111).jpg,1
Hemorrhagic (112).jpg,Hemorrhagic (112).jpg,1
Hemorrhagic (113).jpg,Hemorrhagic (113).jpg,1
Hemorrhagic (114).jpg,Hemorrhagic (114).jpg,1
Hemorrhagic (115).jpg,Hemorrhagic (115).jpg,1
Hemorrhagic (116).jpg,Hemorrhagic (116).jpg,1
Hemorrhagic (117).jpg,Hemorrhagic (117).jpg,1
Hemorrhagic (118).jpg,Hemorrhagic (118).jpg,1
Hemorrhagic (119).jpg,Hemorrhagic (119).jpg,1
Hemorrhagic (12).jpg,Hemorrhagic (12).jpg,1
Hemorrhagic (120).jpg,Hemorrhagic (120).jpg,1
Hemorrhagic (121).jpg,Hemorrhagic (121).jpg,1
Hemorrhagic (122).jpg,Hemorrhagic (122).jpg,1
Hemorrhagic (123).jpg,Hemorrhagic (123).jpg,1
Hemorrhagic (124).jpg,Hemorrhagic (124).jpg,1
Hemorrhagic (125).jpg,Hemorrhagic (125).jpg,1
Hemorrhagic (126).jpg,Hemorrhagic (126).jpg,1
Hemorrhagic (127).jpg,Hemorrhagic (127).jpg,1
Hemorrhagic (128).jpg,Hemorrhagic (128).jpg,1
Hemorrhagic (129).jpg,Hemorrhagic (129).jpg,1
Hemorrhagic (13).jpg,Hemorrhagic (13).jpg,1
Hemorrhagic (130).jpg,Hemorrhagic (130).jpg,1
Hemorrhagic (131).jpg,Hemorrhagic (131).jpg,1
Hemorrhagic (132).jpg,Hemorrhagic (132).jpg,1
Hemorrhagic (133).jpg,Hemorrhagic (133).jpg,1
Hemorrhagic (134).jpg,Hemorrhagic (134).jpg,1
Hemorrhagic (135).jpg,Hemorrhagic (135).jpg,1
Hemorrhagic (136).jpg,Hemorrhagic (136).jpg,1
Hemorrhagic (137).jpg,Hemorrhagic (137).jpg,1
Hemorrhagic (138).jpg,Hemorrhagic (138).jpg,1
Hemorrhagic (139).jpg,Hemorrhagic (139).jpg,1
Hemorrhagic (14).jpg,Hemorrhagic (14).jpg,1
Hemorrhagic (140).jpg,Hemorrhagic (140).jpg,1
Hemorrhagic (141).jpg,Hemorrhagic (141).jpg,1
Hemorrhagic (142).jpg,Hemorrhagic (142).jpg,1
Hemorrhagic (143).jpg,Hemorrhagic (143).jpg,1
Hemorrhagic (144).jpg,Hemorrhagic (144).jpg,1
Hemorrhagic (145).jpg,Hemorrhagic (145).jpg,1
Hemorrhagic (146).jpg,Hemorrhagic (146).jpg,1
Hemorrhagic (147).jpg,Hemorrhagic (147).jpg,1
Hemorrhagic (148).jpg,Hemorrhagic (148).jpg,1
Hemorrhagic (149).jpg,Hemorrhagic (149).jpg,1
Hemorrhagic (15).jpg,Hemorrhagic (15).jpg,1
Hemorrhagic (150).jpg,Hemorrhagic (150).jpg,1
Hemorrhagic (151).jpg,Hemorrhagic (151).jpg,1
Hemorrhagic (152).jpg,Hemorrhagic (152).jpg,1
Hemorrhagic (153).jpg,Hemorrhagic (153).jpg,1
Hemorrhagic (154).jpg,Hemorrhagic (154).jpg,1
Hemorrhagic (155).jpg,Hemorrhagic (155).jpg,1
Hemorrhagic (156).jpg,Hemorrhagic (156).jpg,1
Hemorrhagic (157).jpg,Hemorrhagic (157).jpg,1
Hemorrhagic (158).jpg,Hemorrhagic (158).jpg,1
Hemorrhagic (159).jpg,Hemorrhagic (159).jpg,1
Hemorrhagic (16).jpg,Hemorrhagic (16).jpg,1
Hemorrhagic (160).jpg,Hemorrhagic (160).jpg,1
Hemorrhagic (161).jpg,Hemorrhagic (161).jpg,1
Hemorrhagic (162).jpg,Hemorrhagic (162).jpg,1
Hemorrhagic (163).jpg,Hemorrhagic (163).jpg,1
Hemorrhagic (164).jpg,Hemorrhagic (164).jpg,1
Hemorrhagic (165).jpg,Hemorrhagic (165).jpg,1
Hemorrhagic (166).jpg,Hemorrhagic (166).jpg,1
Hemorrhagic (167).jpg,Hemorrhagic (167).jpg,1
Hemorrhagic (168).jpg,Hemorrhagic (168).jpg,1
Hemorrhagic (169).jpg,Hemorrhagic (169).jpg,1
Hemorrhagic (17).jpg,Hemorrhagic (17).jpg,1
Hemorrhagic (170).jpg,Hemorrhagic (170).jpg,1
Hemorrhagic (171).jpg,Hemorrhagic (171).jpg,1
Hemorrhagic (172).jpg,Hemorrhagic (172).jpg,1
Hemorrhagic (173).jpg,Hemorrhagic (173).jpg,1
Hemorrhagic (174).jpg,Hemorrhagic (174).jpg,1
Hemorrhagic (175).jpg,Hemorrhagic (175).jpg,1
Hemorrhagic (176).jpg,Hemorrhagic (176).jpg,1
Hemorrhagic (177).jpg,Hemorrhagic (177).jpg,1
Hemorrhagic (178).jpg,Hemorrhagic (178).jpg,1
Hemorrhagic (179).jpg,Hemorrhagic (179).jpg,1
Hemorrhagic (18).jpg,Hemorrhagic (18).jpg,1
Hemorrhagic (180).jpg,Hemorrhagic (180).jpg,1
Hemorrhagic (181).jpg,Hemorrhagic (181).jpg,1
Hemorrhagic (182).jpg,Hemorrhagic (182).jpg,1
Hemorrhagic (183).jpg,Hemorrhagic (183).jpg,1
Hemorrhagic (184).jpg,Hemorrhagic (184).jpg,1
Hemorrhagic (185).jpg,Hemorrhagic (185).jpg,1
Hemorrhagic (186).jpg,Hemorrhagic (186).jpg,1
Hemorrhagic (187).jpg,Hemorrhagic (187).jpg,1
Hemorrhagic (188).jpg,Hemorrhagic (188).jpg,1
Hemorrhagic (189).jpg,Hemorrhagic (189).jpg,1
Hemorrhagic (19).jpg,Hemorrhagic (19).jpg,1
Hemorrhagic (190).jpg,Hemorrhagic (190).jpg,1
Hemorrhagic (191).jpg,Hemorrhagic (191).jpg,1
Hemorrhagic (192).jpg,Hemorrhagic (192).jpg,1
Hemorrhagic (193).jpg,Hemorrhagic (193).jpg,1
Hemorrhagic (194).jpg,Hemorrhagic (194).jpg,1
Hemorrhagic (195).jpg,Hemorrhagic (195).jpg,1
Hemorrhagic (196).jpg,Hemorrhagic (196).jpg,1
Hemorrhagic (197).jpg,Hemorrhagic (197).jpg,1
Hemorrhagic (198).jpg,Hemorrhagic (198).jpg,1
Hemorrhagic (199).jpg,Hemorrhagic (199).jpg,1
Hemorrhagic (2).JPG,Hemorrhagic (2).JPG,0
Hemorrhagic (20).jpg,Hemorrhagic (20).jpg,1
Hemorrhagic (200).jpg,Hemorrhagic (200).jpg,1
Hemorrhagic (201).jpg,Hemorrhagic (201).jpg,1
Hemorrhagic (202).jpg,Hemorrhagic (202).jpg,1
Hemorrhagic (203).jpg,Hemorrhagic (203).jpg,1
Hemorrhagic (204).jpg,Hemorrhagic (204).jpg,1
Hemorrhagic (205).jpg,Hemorrhagic (205).jpg,1
Hemorrhagic (206).jpg,Hemorrhagic (206).jpg,1
Hemorrhagic (207).jpg,Hemorrhagic (207).jpg,1
Hemorrhagic (208).jpg,Hemorrhagic (208).jpg,1
Hemorrhagic (209).jpg,Hemorrhagic (209).jpg,1
Hemorrhagic (21).jpg,Hemorrhagic (21).jpg,1
Hemorrhagic (210).jpg,Hemorrhagic (210).jpg,1
Hemorrhagic (211).jpg,Hemorrhagic (211).jpg,1
Hemorrhagic (212).jpg,Hemorrhagic (212).jpg,1
Hemorrhagic (213).jpg,Hemorrhagic (213).jpg,1
Hemorrhagic (214).jpg,Hemorrhagic (214).jpg,1
Hemorrhagic (215).JPG,Hemorrhagic (215).JPG,0
Hemorrhagic (216).jpg,Hemorrhagic (216).jpg,0
Hemorrhagic (217).jpg,Hemorrhagic (217).jpg,0
Hemorrhagic (218).jpg,Hemorrhagic (218).jpg,0
Hemorrhagic (219).jpg,Hemorrhagic (219).jpg,0
Hemorrhagic (22).jpg,Hemorrhagic (22).jpg,1
Hemorrhagic (220).jpg,Hemorrhagic (220).jpg,0
Hemorrhagic (221).jpg,Hemorrhagic (221).jpg,0
Hemorrhagic (222).jpg,Hemorrhagic (222).jpg,0
Hemorrhagic (223).jpg,Hemorrhagic (223).jpg,0
Hemorrhagic (224).jpg,Hemorrhagic (224).jpg,0
Hemorrhagic (225).jpg,Hemorrhagic (225).jpg,0
Hemorrhagic (226).jpg,Hemorrhagic (226).jpg,0
Hemorrhagic (227).jpg,Hemorrhagic (227).jpg,0
Hemorrhagic (228).jpg,Hemorrhagic (228).jpg,0
Hemorrhagic (229).jpg,Hemorrhagic (229).jpg,0
Hemorrhagic (23).jpg,Hemorrhagic (23).jpg,1
Hemorrhagic (230).jpg,Hemorrhagic (230).jpg,0
Hemorrhagic (231).jpg,Hemorrhagic (231).jpg,0
Hemorrhagic (232).jpg,Hemorrhagic (232).jpg,0
Hemorrhagic (233).jpg,Hemorrhagic (233).jpg,1
Hemorrhagic (234).jpg,Hemorrhagic (234).jpg,1
Hemorrhagic (235).jpg,Hemorrhagic (235).jpg,1
Hemorrhagic (236).jpg,Hemorrhagic (236).jpg,0
Hemorrhagic (237).jpg,Hemorrhagic (237).jpg,0
Hemorrhagic (238).jpg,Hemorrhagic (238).jpg,0
Hemorrhagic (239).jpg,Hemorrhagic (239).jpg,0
Hemorrhagic (24).jpg,Hemorrhagic (24).jpg,1
Hemorrhagic (240).jpg,Hemorrhagic (240).jpg,0
Hemorrhagic (241).jpg,Hemorrhagic (241).jpg,0
Hemorrhagic (242).jpg,Hemorrhagic (242).jpg,0
Hemorrhagic (243).jpg,Hemorrhagic (243).jpg,0
Hemorrhagic (244).jpg,Hemorrhagic (244).jpg,0
Hemorrhagic (245).jpg,Hemorrhagic (245).jpg,0
Hemorrhagic (246).jpg,Hemorrhagic (246).jpg,0
Hemorrhagic (247).jpg,Hemorrhagic (247).jpg,0
Hemorrhagic (248).jpg,Hemorrhagic (248).jpg,0
Hemorrhagic (249).jpg,Hemorrhagic (249).jpg,0
Hemorrhagic (25).jpg,Hemorrhagic (25).jpg,1
Hemorrhagic (250).jpg,Hemorrhagic (250).jpg,0
Hemorrhagic (251).jpg,Hemorrhagic (251).jpg,1
Hemorrhagic (252).jpg,Hemorrhagic (252).jpg,1
Hemorrhagic (253).jpg,Hemorrhagic (253).jpg,1
Hemorrhagic (254).jpg,Hemorrhagic (254).jpg,0
Hemorrhagic (255).jpg,Hemorrhagic (255).jpg,1
Hemorrhagic (256).jpg,Hemorrhagic (256).jpg,1
Hemorrhagic (257).jpg,Hemorrhagic (257).jpg,1
Hemorrhagic (258).jpg,Hemorrhagic (258).jpg,0
Hemorrhagic (259).jpg,Hemorrhagic (259).jpg,0
Hemorrhagic (26).jpg,Hemorrhagic (26).jpg,1
Hemorrhagic (260).jpg,Hemorrhagic (260).jpg,0
Hemorrhagic (261).jpg,Hemorrhagic (261).jpg,1
Hemorrhagic (262).jpg,Hemorrhagic (262).jpg,0
Hemorrhagic (263).jpg,Hemorrhagic (263).jpg,1
Hemorrhagic (264).jpg,Hemorrhagic (264).jpg,1
Hemorrhagic (265).jpg,Hemorrhagic (265).jpg,1
Hemorrhagic (266).jpg,Hemorrhagic (266).jpg,1
Hemorrhagic (267).jpg,Hemorrhagic (267).jpg,1
Hemorrhagic (268).jpg,Hemorrhagic (268).jpg,0
Hemorrhagic (269).jpg,Hemorrhagic (269).jpg,0
Hemorrhagic (27).jpg,Hemorrhagic (27).jpg,1
Hemorrhagic (270).jpg,Hemorrhagic (270).jpg,0
Hemorrhagic (271).jpg,Hemorrhagic (271).jpg,0
Hemorrhagic (272).jpg,Hemorrhagic (272).jpg,0
Hemorrhagic (273).jpg,Hemorrhagic (273).jpg,0
Hemorrhagic (274).jpg,Hemorrhagic (274).jpg,0
Hemorrhagic (275).jpg,Hemorrhagic (275).jpg,0
Hemorrhagic (276).jpg,Hemorrhagic (276).jpg,0
Hemorrhagic (277).jpg,Hemorrhagic (277).jpg,0
Hemorrhagic (278).jpg,Hemorrhagic (278).jpg,0
Hemorrhagic (279).jpg,Hemorrhagic (279).jpg,0
Hemorrhagic (28).jpg,Hemorrhagic (28).jpg,1
Hemorrhagic (280).jpg,Hemorrhagic (280).jpg,0
Hemorrhagic (281).jpg,Hemorrhagic (281).jpg,0
Hemorrhagic (282).jpg,Hemorrhagic (282).jpg,0
Hemorrhagic (283).jpg,Hemorrhagic (283).jpg,0
Hemorrhagic (284).jpg,Hemorrhagic (284).jpg,0
Hemorrhagic (285).jpg,Hemorrhagic (285).jpg,0
Hemorrhagic (286).jpg,Hemorrhagic (286).jpg,0
Hemorrhagic (287).jpg,Hemorrhagic (287).jpg,0
Hemorrhagic (288).jpg,Hemorrhagic (288).jpg,0
Hemorrhagic (289).jpg,Hemorrhagic (289).jpg,0
Hemorrhagic (29).jpg,Hemorrhagic (29).jpg,1
Hemorrhagic (290).jpg,Hemorrhagic (290).jpg,0
Hemorrhagic (291).jpg,Hemorrhagic (291).jpg,0
Hemorrhagic (292).jpg,Hemorrhagic (292).jpg,0
Hemorrhagic (293).jpg,Hemorrhagic (293).jpg,0
Hemorrhagic (294).jpg,Hemorrhagic (294).jpg,0
Hemorrhagic (295).jpg,Hemorrhagic (295).jpg,0
Hemorrhagic (296).jpg,Hemorrhagic (296).jpg,0
Hemorrhagic (297).jpg,Hemorrhagic (297).jpg,0
Hemorrhagic (298).jpg,Hemorrhagic (298).jpg,0
Hemorrhagic (299).jpg,Hemorrhagic (299).jpg,0
Hemorrhagic (3).jpg,Hemorrhagic (3).jpg,1
Hemorrhagic (30).jpg,Hemorrhagic (30).jpg,1
Hemorrhagic (300).jpg,Hemorrhagic (300).jpg,0
Hemorrhagic (301).jpg,Hemorrhagic (301).jpg,0
Hemorrhagic (302).jpg,Hemorrhagic (302).jpg,0
Hemorrhagic (303).jpg,Hemorrhagic (303).jpg,0
Hemorrhagic (304).jpg,Hemorrhagic (304).jpg,0
Hemorrhagic (305).jpg,Hemorrhagic (305).jpg,0
Hemorrhagic (306).jpg,Hemorrhagic (306).jpg,0
Hemorrhagic (307).jpg,Hemorrhagic (307).jpg,0
Hemorrhagic (308).jpg,Hemorrhagic (308).jpg,0
Hemorrhagic (309).jpg,Hemorrhagic (309).jpg,0
Hemorrhagic (31).jpg,Hemorrhagic (31).jpg,1
Hemorrhagic (310).jpg,Hemorrhagic (310).jpg,0
Hemorrhagic (311).jpg,Hemorrhagic (311).jpg,0
Hemorrhagic (312).jpg,Hemorrhagic (312).jpg,0
Hemorrhagic (313).jpg,Hemorrhagic (313).jpg,0
Hemorrhagic (314).jpg,Hemorrhagic (314).jpg,0
Hemorrhagic (315).jpg,Hemorrhagic (315).jpg,0
Hemorrhagic (316).jpg,Hemorrhagic (316).jpg,0
Hemorrhagic (317).jpg,Hemorrhagic (317).jpg,0
Hemorrhagic (318).jpg,Hemorrhagic (318).jpg,0
Hemorrhagic (319).jpg,Hemorrhagic (319).jpg,0
Hemorrhagic (32).jpg,Hemorrhagic (32).jpg,1
Hemorrhagic (320).jpg,Hemorrhagic (320).jpg,0
Hemorrhagic (321).jpg,Hemorrhagic (321).jpg,0
Hemorrhagic (322).jpg,Hemorrhagic (322).jpg,0
Hemorrhagic (323).jpg,Hemorrhagic (323).jpg,0
Hemorrhagic (324).jpg,Hemorrhagic (324).jpg,0
Hemorrhagic (325).jpg,Hemorrhagic (325).jpg,0
Hemorrhagic (326).jpg,Hemorrhagic (326).jpg,1
Hemorrhagic (327).jpg,Hemorrhagic (327).jpg,1
Hemorrhagic (328).jpg,Hemorrhagic (328).jpg,0
Hemorrhagic (329).jpg,Hemorrhagic (329).jpg,0
Hemorrhagic (33).jpg,Hemorrhagic (33).jpg,1
Hemorrhagic (330).jpg,Hemorrhagic (330).jpg,0
Hemorrhagic (331).jpg,Hemorrhagic (331).jpg,0
Hemorrhagic (332).jpg,Hemorrhagic (332).jpg,0
Hemorrhagic (333).jpg,Hemorrhagic (333).jpg,0
Hemorrhagic (334).jpg,Hemorrhagic (334).jpg,0
Hemorrhagic (335).jpg,Hemorrhagic (335).jpg,0
Hemorrhagic (336).jpg,Hemorrhagic (336).jpg,0
Hemorrhagic (337).jpg,Hemorrhagic (337).jpg,0
Hemorrhagic (338).jpg,Hemorrhagic (338).jpg,0
Hemorrhagic (339).jpg,Hemorrhagic (339).jpg,0
Hemorrhagic (34).jpg,Hemorrhagic (34).jpg,1
Hemorrhagic (340).jpg,Hemorrhagic (340).jpg,0
Hemorrhagic (341).jpg,Hemorrhagic (341).jpg,0
Hemorrhagic (342).jpg,Hemorrhagic (342).jpg,0
Hemorrhagic (343).jpg,Hemorrhagic (343).jpg,0
Hemorrhagic (344).jpg,Hemorrhagic (344).jpg,0
Hemorrhagic (345).jpg,Hemorrhagic (345).jpg,0
Hemorrhagic (346).jpg,Hemorrhagic (346).jpg,0
Hemorrhagic (347).jpg,Hemorrhagic (347).jpg,0
Hemorrhagic (348).jpg,Hemorrhagic (348).jpg,0
Hemorrhagic (349).jpg,Hemorrhagic (349).jpg,0
Hemorrhagic (35).jpg,Hemorrhagic (35).jpg,1
Hemorrhagic (350).jpg,Hemorrhagic (350).jpg,0
Hemorrhagic (351).jpg,Hemorrhagic (351).jpg,0
Hemorrhagic (352).jpg,Hemorrhagic (352).jpg,0
Hemorrhagic (353).jpg,Hemorrhagic (353).jpg,0
Hemorrhagic (354).jpg,Hemorrhagic (354).jpg,0
Hemorrhagic (355).jpg,Hemorrhagic (355).jpg,0
Hemorrhagic (356).jpg,Hemorrhagic (356).jpg,0
Hemorrhagic (357).jpg,Hemorrhagic (357).jpg,0
Hemorrhagic (358).jpg,Hemorrhagic (358).jpg,0
Hemorrhagic (359).jpg,Hemorrhagic (359).jpg,0
Hemorrhagic (36).jpg,Hemorrhagic (36).jpg,1
Hemorrhagic (360).jpg,Hemorrhagic (360).jpg,0
Hemorrhagic (361).jpg,Hemorrhagic (361).jpg,0
Hemorrhagic (362).jpg,Hemorrhagic (362).jpg,0
Hemorrhagic (363).jpg,Hemorrhagic (363).jpg,0
Hemorrhagic (364).jpg,Hemorrhagic (364).jpg,0
Hemorrhagic (365).jpg,Hemorrhagic (365).jpg,0
Hemorrhagic (366).jpg,Hemorrhagic (366).jpg,0
Hemorrhagic (367).jpg,Hemorrhagic (367).jpg,0
Hemorrhagic (368).jpg,Hemorrhagic (368).jpg,1
Hemorrhagic (369).jpg,Hemorrhagic (369).jpg,1
Hemorrhagic (37).jpg,Hemorrhagic (37).jpg,1
Hemorrhagic (370).jpg,Hemorrhagic (370).jpg,1
Hemorrhagic (371).jpg,Hemorrhagic (371).jpg,1
Hemorrhagic (372).jpg,Hemorrhagic (372).jpg,1
Hemorrhagic (373).jpg,Hemorrhagic (373).jpg,1
Hemorrhagic (374).jpg,Hemorrhagic (374).jpg,1
Hemorrhagic (375).jpg,Hemorrhagic (375).jpg,1
Hemorrhagic (376).jpg,Hemorrhagic (376).jpg,1
Hemorrhagic (377).jpg,Hemorrhagic (377).jpg,1
Hemorrhagic (378).jpg,Hemorrhagic (378).jpg,1
Hemorrhagic (379).jpg,Hemorrhagic (379).jpg,1
Hemorrhagic (38).jpg,Hemorrhagic (38).jpg,1
Hemorrhagic (380).jpg,Hemorrhagic (380).jpg,1
Hemorrhagic (381).jpg,Hemorrhagic (381).jpg,1
Hemorrhagic (382).jpg,Hemorrhagic (382).jpg,1
Hemorrhagic (383).jpg,Hemorrhagic (383).jpg,1
Hemorrhagic (384).jpg,Hemorrhagic (384).jpg,1
Hemorrhagic (385).jpg,Hemorrhagic (385).jpg,1
Hemorrhagic (386).JPG,Hemorrhagic (386).JPG,0
Hemorrhagic (387).JPG,Hemorrhagic (387).JPG,0
Hemorrhagic (388).jpg,Hemorrhagic (388).jpg,1
Hemorrhagic (389).jpg,Hemorrhagic (389).jpg,0
Hemorrhagic (39).jpg,Hemorrhagic (39).jpg,1
Hemorrhagic (390).jpg,Hemorrhagic (390).jpg,0
Hemorrhagic (391).jpg,Hemorrhagic (391).jpg,0
Hemorrhagic (392).jpg,Hemorrhagic (392).jpg,0
Hemorrhagic (393).jpg,Hemorrhagic (393).jpg,0
Hemorrhagic (394).jpg,Hemorrhagic (394).jpg,1
Hemorrhagic (395).jpg,Hemorrhagic (395).jpg,0
Hemorrhagic (396).jpg,Hemorrhagic (396).jpg,1
Hemorrhagic (397).jpg,Hemorrhagic (397).jpg,1
Hemorrhagic (398).jpg,Hemorrhagic (398).jpg,1
Hemorrhagic (399).jpg,Hemorrhagic (399).jpg,1
Hemorrhagic (4).jpg,Hemorrhagic (4).jpg,1
Hemorrhagic (40).jpg,Hemorrhagic (40).jpg,1
Hemorrhagic (400).jpg,Hemorrhagic (400).jpg,1
Hemorrhagic (401).jpg,Hemorrhagic (401).jpg,1
Hemorrhagic (402).jpg,Hemorrhagic (402).jpg,1
Hemorrhagic (403).jpg,Hemorrhagic (403).jpg,1
Hemorrhagic (404).jpg,Hemorrhagic (404).jpg,1
Hemorrhagic (405).jpg,Hemorrhagic (405).jpg,1
Hemorrhagic (406).jpg,Hemorrhagic (406).jpg,1
Hemorrhagic (407).jpg,Hemorrhagic (407).jpg,1
Hemorrhagic (408).jpg,Hemorrhagic (408).jpg,1
Hemorrhagic (409).jpg,Hemorrhagic (409).jpg,1
Hemorrhagic (41).jpg,Hemorrhagic (41).jpg,1
Hemorrhagic (410).jpg,Hemorrhagic (410).jpg,1
Hemorrhagic (411).jpg,Hemorrhagic (411).jpg,1
Hemorrhagic (412).jpg,Hemorrhagic (412).jpg,1
Hemorrhagic (413).jpg,Hemorrhagic (413).jpg,1
Hemorrhagic (414).jpg,Hemorrhagic (414).jpg,1
Hemorrhagic (415).jpg,Hemorrhagic (415).jpg,1
Hemorrhagic (416).jpg,Hemorrhagic (416).jpg,1
Hemorrhagic (417).jpg,Hemorrhagic (417).jpg,1
Hemorrhagic (418).jpg,Hemorrhagic (418).jpg,1
Hemorrhagic (419).jpg,Hemorrhagic (419).jpg,1
Hemorrhagic (42).jpg,Hemorrhagic (42).jpg,1
Hemorrhagic (420).jpg,Hemorrhagic (420).jpg,1
Hemorrhagic (421).jpg,Hemorrhagic (421).jpg,1
Hemorrhagic (422).jpg,Hemorrhagic (422).jpg,1
Hemorrhagic (423).jpg,Hemorrhagic (423).jpg,1
Hemorrhagic (424).jpg,Hemorrhagic (424).jpg,1
Hemorrhagic (425).jpg,Hemorrhagic (425).jpg,1
Hemorrhagic (426).jpg,Hemorrhagic (426).jpg,1
Hemorrhagic (427).jpg,Hemorrhagic (427).jpg,1
Hemorrhagic (428).jpg,Hemorrhagic (428).jpg,1
Hemorrhagic (429).jpg,Hemorrhagic (429).jpg,1
Hemorrhagic (43).jpg,Hemorrhagic (43).jpg,1
Hemorrhagic (430).jpg,Hemorrhagic (430).jpg,1
Hemorrhagic (431).jpg,Hemorrhagic (431).jpg,1
Hemorrhagic (432).jpg,Hemorrhagic (432).jpg,1
Hemorrhagic (433).jpg,Hemorrhagic (433).jpg,1
Hemorrhagic (434).jpg,Hemorrhagic (434).jpg,1
Hemorrhagic (435).jpg,Hemorrhagic (435).jpg,1
Hemorrhagic (436).jpg,Hemorrhagic (436).jpg,1
Hemorrhagic (437).jpg,Hemorrhagic (437).jpg,1
Hemorrhagic (438).jpg,Hemorrhagic (438).jpg,1
Hemorrhagic (439).jpg,Hemorrhagic (439).jpg,1
Hemorrhagic (44).jpg,Hemorrhagic (44).jpg,1
Hemorrhagic (440).jpg,Hemorrhagic (440).jpg,1
Hemorrhagic (441).jpg,Hemorrhagic (441).jpg,1
Hemorrhagic (442).jpg,Hemorrhagic (442).jpg,1
Hemorrhagic (443).jpg,Hemorrhagic (443).jpg,1
Hemorrhagic (444).jpg,Hemorrhagic (444).jpg,1
Hemorrhagic (445).jpg,Hemorrhagic (445).jpg,1
Hemorrhagic (446).jpg,Hemorrhagic (446).jpg,1
Hemorrhagic (447).jpg,Hemorrhagic (447).jpg,1
Hemorrhagic (448).jpg,Hemorrhagic (448).jpg,1
Hemorrhagic (449).jpg,Hemorrhagic (449).jpg,1
Hemorrhagic (45).jpg,Hemorrhagic (45).jpg,1
Hemorrhagic (450).jpg,Hemorrhagic (450).jpg,1
Hemorrhagic (451).jpg,Hemorrhagic (451).jpg,1
Hemorrhagic (452).jpg,Hemorrhagic (452).jpg,1
Hemorrhagic (453).jpg,Hemorrhagic (453).jpg,1
Hemorrhagic (454).jpg,Hemorrhagic (454).jpg,1
Hemorrhagic (455).jpg,Hemorrhagic (455).jpg,1
Hemorrhagic (456).jpg,Hemorrhagic (456).jpg,1
Hemorrhagic (457).jpg,Hemorrhagic (457).jpg,1
Hemorrhagic (458).jpg,Hemorrhagic (458).jpg,1
Hemorrhagic (459).jpg,Hemorrhagic (459).jpg,1
Hemorrhagic (46).jpg,Hemorrhagic (46).jpg,1
Hemorrhagic (460).jpg,Hemorrhagic (460).jpg,1
Hemorrhagic (461).jpg,Hemorrhagic (461).jpg,1
Hemorrhagic (462).jpg,Hemorrhagic (462).jpg,1
Hemorrhagic (463).jpg,Hemorrhagic (463).jpg,1
Hemorrhagic (464).jpg,Hemorrhagic (464).jpg,1
Hemorrhagic (465).jpg,Hemorrhagic (465).jpg,1
Hemorrhagic (466).jpg,Hemorrhagic (466).jpg,1
Hemorrhagic (467).jpg,Hemorrhagic (467).jpg,1
Hemorrhagic (468).jpg,Hemorrhagic (468).jpg,1
Hemorrhagic (469).jpg,Hemorrhagic (469).jpg,1
Hemorrhagic (47).jpg,Hemorrhagic (47).jpg,1
Hemorrhagic (470).jpg,Hemorrhagic (470).jpg,1
Hemorrhagic (471).jpg,Hemorrhagic (471).jpg,1
Hemorrhagic (472).jpg,Hemorrhagic (472).jpg,1
Hemorrhagic (473).jpg,Hemorrhagic (473).jpg,1
Hemorrhagic (474).jpg,Hemorrhagic (474).jpg,1
Hemorrhagic (475).jpg,Hemorrhagic (475).jpg,1
Hemorrhagic (476).jpg,Hemorrhagic (476).jpg,1
Hemorrhagic (477).jpg,Hemorrhagic (477).jpg,1
Hemorrhagic (478).jpg,Hemorrhagic (478).jpg,1
Hemorrhagic (479).jpg,Hemorrhagic (479).jpg,1
Hemorrhagic (48).jpg,Hemorrhagic (48).jpg,1
Hemorrhagic (480).jpg,Hemorrhagic (480).jpg,1
Hemorrhagic (481).jpg,Hemorrhagic (481).jpg,1
Hemorrhagic (482).jpg,Hemorrhagic (482).jpg,1
Hemorrhagic (483).jpg,Hemorrhagic (483).jpg,1
Hemorrhagic (484).jpg,Hemorrhagic (484).jpg,1
Hemorrhagic (485).jpg,Hemorrhagic (485).jpg,1
Hemorrhagic (486).jpg,Hemorrhagic (486).jpg,1
Hemorrhagic (487).jpg,Hemorrhagic (487).jpg,1
Hemorrhagic (488).jpg,Hemorrhagic (488).jpg,1
Hemorrhagic (489).jpg,Hemorrhagic (489).jpg,1
Hemorrhagic (49).jpg,Hemorrhagic (49).jpg,1
Hemorrhagic (490).jpg,Hemorrhagic (490).jpg,1
Hemorrhagic (491).jpg,Hemorrhagic (491).jpg,1
Hemorrhagic (492).jpg,Hemorrhagic (492).jpg,1
Hemorrhagic (493).jpg,Hemorrhagic (493).jpg,1
Hemorrhagic (494).jpg,Hemorrhagic (494).jpg,1
Hemorrhagic (495).jpg,Hemorrhagic (495).jpg,1
Hemorrhagic (496).jpg,Hemorrhagic (496).jpg,1
Hemorrhagic (497).jpg,Hemorrhagic (497).jpg,1
Hemorrhagic (498).jpg,Hemorrhagic (498).jpg,1
Hemorrhagic (499).jpg,Hemorrhagic (499).jpg,1
Hemorrhagic (5).jpg,Hemorrhagic (5).jpg,1
Hemorrhagic (50).jpg,Hemorrhagic (50).jpg,1
Hemorrhagic (500).jpg,Hemorrhagic (500).jpg,1
Hemorrhagic (501).jpg,Hemorrhagic (501).jpg,1
Hemorrhagic (502).jpg,Hemorrhagic (502).jpg,1
Hemorrhagic (503).jpg,Hemorrhagic (503).jpg,1
Hemorrhagic (504).jpg,Hemorrhagic (504).jpg,1
Hemorrhagic (505).jpg,Hemorrhagic (505).jpg,1
Hemorrhagic (506).jpg,Hemorrhagic (506).jpg,1
Hemorrhagic (507).jpg,Hemorrhagic (507).jpg,1
Hemorrhagic (508).jpg,Hemorrhagic (508).jpg,1
Hemorrhagic (509).jpg,Hemorrhagic (509).jpg,1
Hemorrhagic (51).jpg,Hemorrhagic (51).jpg,1
Hemorrhagic (510).jpg,Hemorrhagic (510).jpg,1
Hemorrhagic (511).jpg,Hemorrhagic (511).jpg,1
Hemorrhagic (512).jpg,Hemorrhagic (512).jpg,1
Hemorrhagic (513).jpg,Hemorrhagic (513).jpg,1
Hemorrhagic (514).jpg,Hemorrhagic (514).jpg,1
Hemorrhagic (515).jpg,Hemorrhagic (515).jpg,1
Hemorrhagic (516).jpg,Hemorrhagic (516).jpg,1
Hemorrhagic (517).jpg,Hemorrhagic (517).jpg,1
Hemorrhagic (518).jpg,Hemorrhagic (518).jpg,1
Hemorrhagic (519).jpg,Hemorrhagic (519).jpg,1
Hemorrhagic (52).jpg,Hemorrhagic (52).jpg,1
Hemorrhagic (520).jpg,Hemorrhagic (520).jpg,1
Hemorrhagic (521).jpg,Hemorrhagic (521).jpg,1
Hemorrhagic (522).jpg,Hemorrhagic (522).jpg,1
Hemorrhagic (523).jpg,Hemorrhagic (523).jpg,1
Hemorrhagic (524).jpg,Hemorrhagic (524).jpg,1
Hemorrhagic (525).jpg,Hemorrhagic (525).jpg,1
Hemorrhagic (526).jpg,Hemorrhagic (526).jpg,1
Hemorrhagic (527).jpg,Hemorrhagic (527).jpg,1
Hemorrhagic (528).jpg,Hemorrhagic (528).jpg,1
Hemorrhagic (529).jpg,Hemorrhagic (529).jpg,1
Hemorrhagic (53).jpg,Hemorrhagic (53).jpg,1
Hemorrhagic (530).jpg,Hemorrhagic (530).jpg,1
Hemorrhagic (531).jpg,Hemorrhagic (531).jpg,1
Hemorrhagic (532).jpg,Hemorrhagic (532).jpg,1
Hemorrhagic (533).jpg,Hemorrhagic (533).jpg,1
Hemorrhagic (534).jpg,Hemorrhagic (534).jpg,1
Hemorrhagic (535).jpg,Hemorrhagic (535).jpg,1
Hemorrhagic (536).jpg,Hemorrhagic (536).jpg,1
Hemorrhagic (537).jpg,Hemorrhagic (537).jpg,1
Hemorrhagic (538).jpg,Hemorrhagic (538).jpg,1
Hemorrhagic (539).jpg,Hemorrhagic (539).jpg,1
Hemorrhagic (54).jpg,Hemorrhagic (54).jpg,1
Hemorrhagic (540).jpg,Hemorrhagic (540).jpg,1
Hemorrhagic (541).jpg,Hemorrhagic (541).jpg,1
Hemorrhagic (542).jpg,Hemorrhagic (542).jpg,1
Hemorrhagic (543).jpg,Hemorrhagic (543).jpg,1
Hemorrhagic (544).jpg,Hemorrhagic (544).jpg,1
Hemorrhagic (545).jpg,Hemorrhagic (545).jpg,1
Hemorrhagic (546).jpg,Hemorrhagic (546).jpg,1
Hemorrhagic (547).jpg,Hemorrhagic (547).jpg,1
Hemorrhagic (548).jpg,Hemorrhagic (548).jpg,1
Hemorrhagic (549).jpg,Hemorrhagic (549).jpg,1
Hemorrhagic (55).jpg,Hemorrhagic (55).jpg,1
Hemorrhagic (550).jpg,Hemorrhagic (550).jpg,1
Hemorrhagic (551).jpg,Hemorrhagic (551).jpg,1
Hemorrhagic (552).jpg,Hemorrhagic (552).jpg,1
Hemorrhagic (553).jpg,Hemorrhagic (553).jpg,1
Hemorrhagic (554).jpg,Hemorrhagic (554).jpg,1
Hemorrhagic (555).jpg,Hemorrhagic (555).jpg,1
Hemorrhagic (556).jpg,Hemorrhagic (556).jpg,1
Hemorrhagic (557).jpg,Hemorrhagic (557).jpg,1
Hemorrhagic (558).jpg,Hemorrhagic (558).jpg,1
Hemorrhagic (559).jpg,Hemorrhagic (559).jpg,1
Hemorrhagic (56).jpg,Hemorrhagic (56).jpg,1
Hemorrhagic (560).jpg,Hemorrhagic (560).jpg,1
Hemorrhagic (561).jpg,Hemorrhagic (561).jpg,1
Hemorrhagic (562).jpg,Hemorrhagic (562).jpg,1
Hemorrhagic (563).jpg,Hemorrhagic (563).jpg,1
Hemorrhagic (564).jpg,Hemorrhagic (564).jpg,1
Hemorrhagic (565).jpg,Hemorrhagic (565).jpg,1
Hemorrhagic (566).jpg,Hemorrhagic (566).jpg,1
Hemorrhagic (567).jpg,Hemorrhagic (567).jpg,1
Hemorrhagic (568).jpg,Hemorrhagic (568).jpg,1
Hemorrhagic (569).jpg,Hemorrhagic (569).jpg,1
Hemorrhagic (57).jpg,Hemorrhagic (57).jpg,1
Hemorrhagic (570).jpg,Hemorrhagic (570).jpg,0
Hemorrhagic (571).jpg,Hemorrhagic (571).jpg,1
Hemorrhagic (572).jpg,Hemorrhagic (572).jpg,1
Hemorrhagic (573).jpg,Hemorrhagic (573).jpg,1
Hemorrhagic (574).jpg,Hemorrhagic (574).jpg,0
Hemorrhagic (575).jpg,Hemorrhagic (575).jpg,0
Hemorrhagic (576).jpg,Hemorrhagic (576).jpg,1
Hemorrhagic (577).jpg,Hemorrhagic (577).jpg,1
Hemorrhagic (578).jpg,Hemorrhagic (578).jpg,1
Hemorrhagic (579).jpg,Hemorrhagic (579).jpg,1
Hemorrhagic (58).jpg,Hemorrhagic (58).jpg,1
Hemorrhagic (580).jpg,Hemorrhagic (580).jpg,1
Hemorrhagic (581).jpg,Hemorrhagic (581).jpg,1
Hemorrhagic (582).jpg,Hemorrhagic (582).jpg,1
Hemorrhagic (583).jpg,Hemorrhagic (583).jpg,1
Hemorrhagic (584).jpg,Hemorrhagic (584).jpg,1
Hemorrhagic (585).jpg,Hemorrhagic (585).jpg,1
Hemorrhagic (586).jpg,Hemorrhagic (586).jpg,1
Hemorrhagic (587).jpg,Hemorrhagic (587).jpg,1
Hemorrhagic (588).jpg,Hemorrhagic (588).jpg,1
Hemorrhagic (589).jpg,Hemorrhagic (589).jpg,1
Hemorrhagic (59).jpg,Hemorrhagic (59).jpg,1
Hemorrhagic (590).jpg,Hemorrhagic (590).jpg,1
Hemorrhagic (591).jpg,Hemorrhagic (591).jpg,1
Hemorrhagic (592).jpg,Hemorrhagic (592).jpg,0
Hemorrhagic (593).jpg,Hemorrhagic (593).jpg,1
Hemorrhagic (594).jpg,Hemorrhagic (594).jpg,1
Hemorrhagic (595).jpg,Hemorrhagic (595).jpg,1
Hemorrhagic (596).jpg,Hemorrhagic (596).jpg,1
Hemorrhagic (597).jpg,Hemorrhagic (597).jpg,1
Hemorrhagic (598).jpg,Hemorrhagic (598).jpg,1
Hemorrhagic (599).jpg,Hemorrhagic (599).jpg,1
Hemorrhagic (6).jpg,Hemorrhagic (6).jpg,1
Hemorrhagic (60).jpg,Hemorrhagic (60).jpg,1
Hemorrhagic (600).jpg,Hemorrhagic (600).jpg,1
Hemorrhagic (601).jpg,Hemorrhagic (601).jpg,1
Hemorrhagic (602).jpg,Hemorrhagic (602).jpg,1
Hemorrhagic (603).jpg,Hemorrhagic (603).jpg,1
Hemorrhagic (604).jpg,Hemorrhagic (604).jpg,1
Hemorrhagic (605).jpg,Hemorrhagic (605).jpg,1
Hemorrhagic (606).jpg,Hemorrhagic (606).jpg,0
Hemorrhagic (607).jpg,Hemorrhagic (607).jpg,1
Hemorrhagic (608).jpg,Hemorrhagic (608).jpg,1
Hemorrhagic (609).jpg,Hemorrhagic (609).jpg,1
Hemorrhagic (61).jpg,Hemorrhagic (61).jpg,1
Hemorrhagic (610).jpg,Hemorrhagic (610).jpg,1
Hemorrhagic (611).jpg,Hemorrhagic (611).jpg,1
Hemorrhagic (612).jpg,Hemorrhagic (612).jpg,0
Hemorrhagic (613).jpg,Hemorrhagic (613).jpg,1
Hemorrhagic (614).jpg,Hemorrhagic (614).jpg,1
Hemorrhagic (615).jpg,Hemorrhagic (615).jpg,1
Hemorrhagic (616).jpg,Hemorrhagic (616).jpg,1
Hemorrhagic (617).jpg,Hemorrhagic (617).jpg,1
Hemorrhagic (618).jpg,Hemorrhagic (618).jpg,1
Hemorrhagic (619).jpg,Hemorrhagic (619).jpg,1
Hemorrhagic (62).jpg,Hemorrhagic (62).jpg,1
Hemorrhagic (620).JPG,Hemorrhagic (620).JPG,0
Hemorrhagic (621).jpg,Hemorrhagic (621).jpg,1
Hemorrhagic (622).jpg,Hemorrhagic (622).jpg,1
Hemorrhagic (623).jpg,Hemorrhagic (623).jpg,1
Hemorrhagic (624).jpg,Hemorrhagic (624).jpg,1
Hemorrhagic (625).jpg,Hemorrhagic (625).jpg,1
Hemorrhagic (626).jpg,Hemorrhagic (626).jpg,1
Hemorrhagic (627).jpg,Hemorrhagic (627).jpg,0
Hemorrhagic (628).jpg,Hemorrhagic (628).jpg,0
Hemorrhagic (629).jpg,Hemorrhagic (629).jpg,1
Hemorrhagic (63).jpg,Hemorrhagic (63).jpg,1
Hemorrhagic (630).jpg,Hemorrhagic (630).jpg,0
Hemorrhagic (631).jpg,Hemorrhagic (631).jpg,0
Hemorrhagic (632).jpg,Hemorrhagic (632).jpg,0
Hemorrhagic (633).jpg,Hemorrhagic (633).jpg,0
Hemorrhagic (634).jpg,Hemorrhagic (634).jpg,0
Hemorrhagic (635).jpg,Hemorrhagic (635).jpg,0
Hemorrhagic (636).jpg,Hemorrhagic (636).jpg,0
Hemorrhagic (637).jpg,Hemorrhagic (637).jpg,0
Hemorrhagic (638).jpg,Hemorrhagic (638).jpg,0
Hemorrhagic (639).jpg,Hemorrhagic (639).jpg,0
Hemorrhagic (64).jpg,Hemorrhagic (64).jpg,1
Hemorrhagic (640).jpg,Hemorrhagic (640).jpg,0
Hemorrhagic (641).jpg,Hemorrhagic (641).jpg,0
Hemorrhagic (642).jpg,Hemorrhagic (642).jpg,1
Hemorrhagic (643).jpg,Hemorrhagic (643).jpg,1
Hemorrhagic (644).jpg,Hemorrhagic (644).jpg,1
Hemorrhagic (645).jpg,Hemorrhagic (645).jpg,1
Hemorrhagic (646).jpg,Hemorrhagic (646).jpg,1
Hemorrhagic (647).jpg,Hemorrhagic (647).jpg,1
Hemorrhagic (648).jpg,Hemorrhagic (648).jpg,1
Hemorrhagic (649).jpg,Hemorrhagic (649).jpg,1
Hemorrhagic (65).jpg,Hemorrhagic (65).jpg,1
Hemorrhagic (650).jpg,Hemorrhagic (650).jpg,1
Hemorrhagic (651).jpg,Hemorrhagic (651).jpg,1
Hemorrhagic (652).jpg,Hemorrhagic (652).jpg,1
Hemorrhagic (653).jpg,Hemorrhagic (653).jpg,1
Hemorrhagic (654).jpg,Hemorrhagic (654).jpg,1
Hemorrhagic (655).jpg,Hemorrhagic (655).jpg,1
Hemorrhagic (656).jpg,Hemorrhagic (656).jpg,1
Hemorrhagic (657).jpg,Hemorrhagic (657).jpg,1
Hemorrhagic (658).jpg,Hemorrhagic (658).jpg,1
Hemorrhagic (659).jpg,Hemorrhagic (659).jpg,1
Hemorrhagic (66).jpg,Hemorrhagic (66).jpg,1
Hemorrhagic (660).jpg,Hemorrhagic (660).jpg,1
Hemorrhagic (661).jpg,Hemorrhagic (661).jpg,1
Hemorrhagic (662).jpg,Hemorrhagic (662).jpg,1
Hemorrhagic (663).jpg,Hemorrhagic (663).jpg,1
Hemorrhagic (664).jpg,Hemorrhagic (664).jpg,1
Hemorrhagic (665).jpg,Hemorrhagic (665).jpg,1
Hemorrhagic (666).jpg,Hemorrhagic (666).jpg,1
Hemorrhagic (667).jpg,Hemorrhagic (667).jpg,1
Hemorrhagic (668).jpg,Hemorrhagic (668).jpg,1
Hemorrhagic (669).jpg,Hemorrhagic (669).jpg,1
Hemorrhagic (67).jpg,Hemorrhagic (67).jpg,1
Hemorrhagic (670).jpg,Hemorrhagic (670).jpg,1
Hemorrhagic (671).jpg,Hemorrhagic (671).jpg,1
Hemorrhagic (672).jpg,Hemorrhagic (672).jpg,1
Hemorrhagic (673).jpg,Hemorrhagic (673).jpg,1
Hemorrhagic (674).jpg,Hemorrhagic (674).jpg,1
Hemorrhagic (675).jpg,Hemorrhagic (675).jpg,1
Hemorrhagic (676).jpg,Hemorrhagic (676).jpg,1
Hemorrhagic (677).jpg,Hemorrhagic (677).jpg,1
Hemorrhagic (678).jpg,Hemorrhagic (678).jpg,1
Hemorrhagic (679).jpg,Hemorrhagic (679).jpg,1
Hemorrhagic (68).jpg,Hemorrhagic (68).jpg,1
Hemorrhagic (680).jpg,Hemorrhagic (680).jpg,1
Hemorrhagic (681).jpg,Hemorrhagic (681).jpg,1
Hemorrhagic (682).jpg,Hemorrhagic (682).jpg,1
Hemorrhagic (683).jpg,Hemorrhagic (683).jpg,1
Hemorrhagic (684).jpg,Hemorrhagic (684).jpg,1
Hemorrhagic (685).jpg,Hemorrhagic (685).jpg,1
Hemorrhagic (686).jpg,Hemorrhagic (686).jpg,1
Hemorrhagic (687).jpg,Hemorrhagic (687).jpg,1
Hemorrhagic (688).jpg,Hemorrhagic (688).jpg,1
Hemorrhagic (689).jpg,Hemorrhagic (689).jpg,1
Hemorrhagic (69).jpg,Hemorrhagic (69).jpg,1
Hemorrhagic (690).jpg,Hemorrhagic (690).jpg,1
Hemorrhagic (691).jpg,Hemorrhagic (691).jpg,1
Hemorrhagic (692).jpg,Hemorrhagic (692).jpg,1
Hemorrhagic (693).jpg,Hemorrhagic (693).jpg,1
Hemorrhagic (694).jpg,Hemorrhagic (694).jpg,1
Hemorrhagic (695).jpg,Hemorrhagic (695).jpg,1
Hemorrhagic (696).jpg,Hemorrhagic (696).jpg,1
Hemorrhagic (697).jpg,Hemorrhagic (697).jpg,1
Hemorrhagic (698).jpg,Hemorrhagic (698).jpg,1
Hemorrhagic (699).jpg,Hemorrhagic (699).jpg,1
Hemorrhagic (7).jpg,Hemorrhagic (7).jpg,1
Hemorrhagic (70).jpg,Hemorrhagic (70).jpg,1
Hemorrhagic (700).jpg,Hemorrhagic (700).jpg,1
Hemorrhagic (701).jpg,Hemorrhagic (701).jpg,1
Hemorrhagic (702).jpg,Hemorrhagic (702).jpg,1
Hemorrhagic (703).jpg,Hemorrhagic (703).jpg,1
Hemorrhagic (704).jpg,Hemorrhagic (704).jpg,1
Hemorrhagic (705).jpg,Hemorrhagic (705).jpg,1
Hemorrhagic (706).jpg,Hemorrhagic (706).jpg,1
Hemorrhagic (707).jpg,Hemorrhagic (707).jpg,1
Hemorrhagic (708).jpg,Hemorrhagic (708).jpg,1
Hemorrhagic (709).jpg,Hemorrhagic (709).jpg,1
Hemorrhagic (71).jpg,Hemorrhagic (71).jpg,1
Hemorrhagic (710).jpg,Hemorrhagic (710).jpg,1
Hemorrhagic (711).jpg,Hemorrhagic (711).jpg,1
Hemorrhagic (712).jpg,Hemorrhagic (712).jpg,1
Hemorrhagic (713).jpg,Hemorrhagic (713).jpg,1
Hemorrhagic (714).jpg,Hemorrhagic (714).jpg,1
Hemorrhagic (715).jpg,Hemorrhagic (715).jpg,1
Hemorrhagic (716).jpg,Hemorrhagic (716).jpg,1
Hemorrhagic (717).jpg,Hemorrhagic (717).jpg,1
Hemorrhagic (718).jpg,Hemorrhagic (718).jpg,1
Hemorrhagic (719).jpg,Hemorrhagic (719).jpg,1
Hemorrhagic (72).jpg,Hemorrhagic (72).jpg,1
Hemorrhagic (720).jpg,Hemorrhagic (720).jpg,1
Hemorrhagic (721).jpg,Hemorrhagic (721).jpg,1
Hemorrhagic (722).jpg,Hemorrhagic (722).jpg,1
Hemorrhagic (723).jpg,Hemorrhagic (723).jpg,1
Hemorrhagic (724).jpg,Hemorrhagic (724).jpg,1
Hemorrhagic (725).jpg,Hemorrhagic (725).jpg,1
Hemorrhagic (726).jpg,Hemorrhagic (726).jpg,1
Hemorrhagic (727).jpg,Hemorrhagic (727).jpg,1
Hemorrhagic (728).jpg,Hemorrhagic (728).jpg,1
Hemorrhagic (729).jpg,Hemorrhagic (729).jpg,1
Hemorrhagic (73).jpg,Hemorrhagic (73).jpg,1
Hemorrhagic (730).jpg,Hemorrhagic (730).jpg,1
Hemorrhagic (731).jpg,Hemorrhagic (731).jpg,1
Hemorrhagic (732).jpg,Hemorrhagic (732).jpg,1
Hemorrhagic (733).jpg,Hemorrhagic (733).jpg,1
Hemorrhagic (734).jpg,Hemorrhagic (734).jpg,1
Hemorrhagic (735).jpg,Hemorrhagic (735).jpg,1
Hemorrhagic (736).jpg,Hemorrhagic (736).jpg,1
Hemorrhagic (737).jpg,Hemorrhagic (737).jpg,1
Hemorrhagic (738).jpg,Hemorrhagic (738).jpg,1
Hemorrhagic (739).jpg,Hemorrhagic (739).jpg,1
Hemorrhagic (74).jpg,Hemorrhagic (74).jpg,1
Hemorrhagic (740).jpg,Hemorrhagic (740).jpg,1
Hemorrhagic (741).jpg,Hemorrhagic (741).jpg,1
Hemorrhagic (742).jpg,Hemorrhagic (742).jpg,1
Hemorrhagic (743).jpg,Hemorrhagic (743).jpg,1
Hemorrhagic (744).jpg,Hemorrhagic (744).jpg,1
Hemorrhagic (745).jpg,Hemorrhagic (745).jpg,1
Hemorrhagic (746).jpg,Hemorrhagic (746).jpg,1
Hemorrhagic (747).jpg,Hemorrhagic (747).jpg,1
Hemorrhagic (748).JPG,Hemorrhagic (748).JPG,0
Hemorrhagic (749).jpg,Hemorrhagic (749).jpg,1
Hemorrhagic (75).jpg,Hemorrhagic (75).jpg,1
Hemorrhagic (750).jpg,Hemorrhagic (750).jpg,1
Hemorrhagic (751).jpg,Hemorrhagic (751).jpg,1
Hemorrhagic (752).jpg,Hemorrhagic (752).jpg,1
Hemorrhagic (753).jpg,Hemorrhagic (753).jpg,1
Hemorrhagic (754).jpg,Hemorrhagic (754).jpg,1
Hemorrhagic (755).jpg,Hemorrhagic (755).jpg,1
Hemorrhagic (756).jpg,Hemorrhagic (756).jpg,1
Hemorrhagic (757).jpg,Hemorrhagic (757).jpg,1
Hemorrhagic (758).jpg,Hemorrhagic (758).jpg,1
Hemorrhagic (759).jpg,Hemorrhagic (759).jpg,1
Hemorrhagic (76).jpg,Hemorrhagic (76).jpg,1
Hemorrhagic (760).jpg,Hemorrhagic (760).jpg,1
Hemorrhagic (761).jpg,Hemorrhagic (761).jpg,1
Hemorrhagic (762).jpg,Hemorrhagic (762).jpg,1
Hemorrhagic (763).jpg,Hemorrhagic (763).jpg,1
Hemorrhagic (764).jpg,Hemorrhagic (764).jpg,1
Hemorrhagic (765).jpg,Hemorrhagic (765).jpg,1
Hemorrhagic (766).jpg,Hemorrhagic (766).jpg,1
Hemorrhagic (767).jpg,Hemorrhagic (767).jpg,0
Hemorrhagic (768).jpg,Hemorrhagic (768).jpg,1
Hemorrhagic (769).jpg,Hemorrhagic (769).jpg,1
Hemorrhagic (77).jpg,Hemorrhagic (77).jpg,1
Hemorrhagic (770).jpg,Hemorrhagic (770).jpg,1
Hemorrhagic (771).jpg,Hemorrhagic (771).jpg,1
Hemorrhagic (772).jpg,Hemorrhagic (772).jpg,1
Hemorrhagic (773).jpg,Hemorrhagic (773).jpg,1
Hemorrhagic (774).jpg,Hemorrhagic (774).jpg,1
Hemorrhagic (775).jpg,Hemorrhagic (775).jpg,1
Hemorrhagic (776).jpg,Hemorrhagic (776).jpg,1
Hemorrhagic (777).jpg,Hemorrhagic (777).jpg,1
Hemorrhagic (778).jpg,Hemorrhagic (778).jpg,1
Hemorrhagic (779).jpg,Hemorrhagic (779).jpg,1
Hemorrhagic (78).jpg,Hemorrhagic (78).jpg,1
Hemorrhagic (780).jpg,Hemorrhagic (780).jpg,1
Hemorrhagic (781).jpg,Hemorrhagic (781).jpg,1
Hemorrhagic (782).jpg,Hemorrhagic (782).jpg,1
Hemorrhagic (783).jpg,Hemorrhagic (783).jpg,1
Hemorrhagic (784).jpg,Hemorrhagic (784).jpg,1
Hemorrhagic (785).jpg,Hemorrhagic (785).jpg,1
Hemorrhagic (786).jpg,Hemorrhagic (786).jpg,1
Hemorrhagic (787).jpg,Hemorrhagic (787).jpg,0
Hemorrhagic (788).jpg,Hemorrhagic (788).jpg,0
Hemorrhagic (789).jpg,Hemorrhagic (789).jpg,1
Hemorrhagic (79).jpg,Hemorrhagic (79).jpg,1
Hemorrhagic (790).jpg,Hemorrhagic (790).jpg,1
Hemorrhagic (791).jpg,Hemorrhagic (791).jpg,0
Hemorrhagic (792).jpg,Hemorrhagic (792).jpg,0
Hemorrhagic (793).jpg,Hemorrhagic (793).jpg,1
Hemorrhagic (794).jpg,Hemorrhagic (794).jpg,1
Hemorrhagic (795).jpg,Hemorrhagic (795).jpg,0
Hemorrhagic (796).jpg,Hemorrhagic (796).jpg,0
Hemorrhagic (797).jpg,Hemorrhagic (797).jpg,0
Hemorrhagic (798).jpg,Hemorrhagic (798).jpg,0
Hemorrhagic (799).jpg,Hemorrhagic (799).jpg,0
Hemorrhagic (8).jpg,Hemorrhagic (8).jpg,1
Hemorrhagic (80).jpg,Hemorrhagic (80).jpg,1
Hemorrhagic (800).jpg,Hemorrhagic (800).jpg,0
Hemorrhagic (801).jpg,Hemorrhagic (801).jpg,0
Hemorrhagic (802).jpg,Hemorrhagic (802).jpg,0
Hemorrhagic (803).jpg,Hemorrhagic (803).jpg,1
Hemorrhagic (804).jpg,Hemorrhagic (804).jpg,0
Hemorrhagic (805).jpg,Hemorrhagic (805).jpg,0
Hemorrhagic (806).jpg,Hemorrhagic (806).jpg,0
Hemorrhagic (807).jpg,Hemorrhagic (807).jpg,0
Hemorrhagic (808).jpg,Hemorrhagic (808).jpg,0
Hemorrhagic (809).jpg,Hemorrhagic (809).jpg,0
Hemorrhagic (81).jpg,Hemorrhagic (81).jpg,1
Hemorrhagic (810).jpg,Hemorrhagic (810).jpg,0
Hemorrhagic (811).jpg,Hemorrhagic (811).jpg,0
Hemorrhagic (812).jpg,Hemorrhagic (812).jpg,0
Hemorrhagic (813).jpg,Hemorrhagic (813).jpg,0
Hemorrhagic (814).jpg,Hemorrhagic (814).jpg,1
Hemorrhagic (815).jpg,Hemorrhagic (815).jpg,1
Hemorrhagic (816).jpg,Hemorrhagic (816).jpg,1
Hemorrhagic (817).jpg,Hemorrhagic (817).jpg,1
Hemorrhagic (818).jpg,Hemorrhagic (818).jpg,0
Hemorrhagic (819).jpg,Hemorrhagic (819).jpg,1
Hemorrhagic (82).jpg,Hemorrhagic (82).jpg,1
Hemorrhagic (820).jpg,Hemorrhagic (820).jpg,1
Hemorrhagic (821).jpg,Hemorrhagic (821).jpg,0
Hemorrhagic (822).jpg,Hemorrhagic (822).jpg,0
Hemorrhagic (823).jpg,Hemorrhagic (823).jpg,0
Hemorrhagic (824).jpg,Hemorrhagic (824).jpg,0
Hemorrhagic (825).jpg,Hemorrhagic (825).jpg,0
Hemorrhagic (826).jpg,Hemorrhagic (826).jpg,0
Hemorrhagic (827).jpg,Hemorrhagic (827).jpg,0
Hemorrhagic (828).jpg,Hemorrhagic (828).jpg,0
Hemorrhagic (829).jpg,Hemorrhagic (829).jpg,1
Hemorrhagic (83).jpg,Hemorrhagic (83).jpg,1
Hemorrhagic (830).jpg,Hemorrhagic (830).jpg,0
Hemorrhagic (831).jpg,Hemorrhagic (831).jpg,0
Hemorrhagic (832).jpg,Hemorrhagic (832).jpg,1
Hemorrhagic (833).jpg,Hemorrhagic (833).jpg,1
Hemorrhagic (834).jpg,Hemorrhagic (834).jpg,1
Hemorrhagic (835).jpg,Hemorrhagic (835).jpg,1
Hemorrhagic (836).jpg,Hemorrhagic (836).jpg,1
Hemorrhagic (837).jpg,Hemorrhagic (837).jpg,1
Hemorrhagic (838).jpg,Hemorrhagic (838).jpg,0
Hemorrhagic (839).jpg,Hemorrhagic (839).jpg,0
Hemorrhagic (84).jpg,Hemorrhagic (84).jpg,1
Hemorrhagic (840).jpg,Hemorrhagic (840).jpg,0
Hemorrhagic (841).jpg,Hemorrhagic (841).jpg,0
Hemorrhagic (842).jpg,Hemorrhagic (842).jpg,0
Hemorrhagic (843).jpg,Hemorrhagic (843).jpg,0
Hemorrhagic (844).jpg,Hemorrhagic (844).jpg,0
Hemorrhagic (845).jpg,Hemorrhagic (845).jpg,0
Hemorrhagic (846).jpg,Hemorrhagic (846).jpg,0
Hemorrhagic (847).jpg,Hemorrhagic (847).jpg,0
Hemorrhagic (848).jpg,Hemorrhagic (848).jpg,0
Hemorrhagic (849).jpg,Hemorrhagic (849).jpg,0
Hemorrhagic (85).jpg,Hemorrhagic (85).jpg,1
Hemorrhagic (850).jpg,Hemorrhagic (850).jpg,0
Hemorrhagic (851).jpg,Hemorrhagic (851).jpg,0
Hemorrhagic (852).jpg,Hemorrhagic (852).jpg,0
Hemorrhagic (853).jpg,Hemorrhagic (853).jpg,0
Hemorrhagic (854).jpg,Hemorrhagic (854).jpg,0
Hemorrhagic (855).jpg,Hemorrhagic (855).jpg,1
Hemorrhagic (856).jpg,Hemorrhagic (856).jpg,0
Hemorrhagic (857).jpg,Hemorrhagic (857).jpg,0
Hemorrhagic (858).jpg,Hemorrhagic (858).jpg,0
Hemorrhagic (859).jpg,Hemorrhagic (859).jpg,0
Hemorrhagic (86).jpg,Hemorrhagic (86).jpg,1
Hemorrhagic (860).jpg,Hemorrhagic (860).jpg,1
Hemorrhagic (861).jpg,Hemorrhagic (861).jpg,1
Hemorrhagic (862).jpg,Hemorrhagic (862).jpg,1
Hemorrhagic (863).jpg,Hemorrhagic (863).jpg,0
Hemorrhagic (864).jpg,Hemorrhagic (864).jpg,0
Hemorrhagic (865).jpg,Hemorrhagic (865).jpg,0
Hemorrhagic (866).jpg,Hemorrhagic (866).jpg,0
Hemorrhagic (867).jpg,Hemorrhagic (867).jpg,0
Hemorrhagic (868).jpg,Hemorrhagic (868).jpg,0
Hemorrhagic (869).jpg,Hemorrhagic (869).jpg,0
Hemorrhagic (87).jpg,Hemorrhagic (87).jpg,1
Hemorrhagic (88).jpg,Hemorrhagic (88).jpg,1
Hemorrhagic (89).jpg,Hemorrhagic (89).jpg,1
Hemorrhagic (9).jpg,Hemorrhagic (9).jpg,1
Hemorrhagic (90).jpg,Hemorrhagic (90).jpg,1
Hemorrhagic (91).jpg,Hemorrhagic (91).jpg,1
Hemorrhagic (92).jpg,Hemorrhagic (92).jpg,1
Hemorrhagic (93).jpg,Hemorrhagic (93).jpg,1
Hemorrhagic (94).jpg,Hemorrhagic (94).jpg,1
Hemorrhagic (95).jpg,Hemorrhagic (95).jpg,1
Hemorrhagic (96).jpg,Hemorrhagic (96).jpg,1
Hemorrhagic (97).jpg,Hemorrhagic (97).jpg,1
Hemorrhagic (98).jpg,Hemorrhagic (98).jpg,1
Hemorrhagic (99).jpg,Hemorrhagic (99).jpg,1
ischemic (1).jpg,ischemic (1).jpg,1
ischemic (10).jpg,ischemic (10).jpg,1
ischemic (100).jpg,ischemic (100).jpg,1
ischemic (101).jpg,ischemic (101).jpg,1
ischemic (102).jpg,ischemic (102).jpg,1
ischemic (103).jpg,ischemic (103).jpg,1
ischemic (104).jpg,ischemic (104).jpg,1
ischemic (105).jpg,ischemic (105).jpg,1
ischemic (106).jpg,ischemic (106).jpg,1
ischemic (107).jpg,ischemic (107).jpg,1
ischemic (108).jpg,ischemic (108).jpg,1
ischemic (109).jpg,ischemic (109).jpg,1
ischemic (11).jpg,ischemic (11).jpg,1
ischemic (110).jpg,ischemic (110).jpg,1
ischemic (111).jpg,ischemic (111).jpg,1
ischemic (112).jpg,ischemic (112).jpg,1
ischemic (113).jpg,ischemic (113).jpg,1
ischemic (114).jpg,ischemic (114).jpg,1
ischemic (115).jpg,ischemic (115).jpg,1
ischemic (116).jpg,ischemic (116).jpg,1
ischemic (117).jpg,ischemic (117).jpg,1
ischemic (118).jpg,ischemic (118).jpg,1
ischemic (119).jpg,ischemic (119).jpg,1
ischemic (12).jpg,ischemic (12).jpg,1
ischemic (120).jpg,ischemic (120).jpg,1
ischemic (121).jpg,ischemic (121).jpg,1
ischemic (122).jpg,ischemic (122).jpg,1
ischemic (123).jpg,ischemic (123).jpg,1
ischemic (124).jpg,ischemic (124).jpg,1
ischemic (125).jpg,ischemic (125).jpg,1
ischemic (126).jpg,ischemic (126).jpg,1
ischemic (127).jpg,ischemic (127).jpg,1
ischemic (128).jpg,ischemic (128).jpg,1
ischemic (129).jpg,ischemic (129).jpg,1
ischemic (13).jpg,ischemic (13).jpg,1
ischemic (130).jpg,ischemic (130).jpg,1
ischemic (131).jpg,ischemic (131).jpg,1
ischemic (132).jpg,ischemic (132).jpg,1
ischemic (133).jpg,ischemic (133).jpg,1
ischemic (134).jpg,ischemic (134).jpg,1
ischemic (135).jpg,ischemic (135).jpg,1
ischemic (136).jpg,ischemic (136).jpg,1
ischemic (137).jpg,ischemic (137).jpg,1
ischemic (138).jpg,ischemic (138).jpg,1
ischemic (139).jpg,ischemic (139).jpg,1
ischemic (14).jpg,ischemic (14).jpg,1
ischemic (140).jpg,ischemic (140).jpg,1
ischemic (141).jpg,ischemic (141).jpg,1
ischemic (142).jpg,ischemic (142).jpg,1
ischemic (143).jpg,ischemic (143).jpg,1
ischemic (144).jpg,ischemic (144).jpg,1
ischemic (145).jpg,ischemic (145).jpg,1
ischemic (146).jpg,ischemic (146).jpg,1
ischemic (147).jpg,ischemic (147).jpg,1
ischemic (148).jpg,ischemic (148).jpg,1
ischemic (149).jpg,ischemic (149).jpg,1
ischemic (15).jpg,ischemic (15).jpg,1
ischemic (150).jpg,ischemic (150).jpg,1
ischemic (151).jpg,ischemic (151).jpg,1
ischemic (152).jpg,ischemic (152).jpg,1
ischemic (153).jpg,ischemic (153).jpg,1
ischemic (154).jpg,ischemic (154).jpg,1
ischemic (155).jpg,ischemic (155).jpg,1
ischemic (156).jpg,ischemic (156).jpg,1
ischemic (157).jpg,ischemic (157).jpg,1
ischemic (158).jpg,ischemic (158).jpg,1
ischemic (159).jpg,ischemic (159).jpg,1
ischemic (16).jpg,ischemic (16).jpg,1
ischemic (160).jpg,ischemic (160).jpg,0
ischemic (161).jpg,ischemic (161).jpg,0
ischemic (162).jpg,ischemic (162).jpg,0
ischemic (163).jpg,ischemic (163).jpg,0
ischemic (164).jpg,ischemic (164).jpg,1
ischemic (165).jpg,ischemic (165).jpg,0
ischemic (166).jpg,ischemic (166).jpg,0
ischemic (167).jpg,ischemic (167).jpg,1
ischemic (168).jpg,ischemic (168).jpg,1
ischemic (169).jpg,ischemic (169).jpg,1
ischemic (17).jpg,ischemic (17).jpg,1
ischemic (170).jpg,ischemic (170).jpg,1
ischemic (171).jpg,ischemic (171).jpg,0
ischemic (172).jpg,ischemic (172).jpg,1
ischemic (173).jpg,ischemic (173).jpg,0
ischemic (174).jpg,ischemic (174).jpg,0
ischemic (175).jpg,ischemic (175).jpg,1
ischemic (176).jpg,ischemic (176).jpg,1
ischemic (177).jpg,ischemic (177).jpg,1
ischemic (178).jpg,ischemic (178).jpg,1
ischemic (179).jpg,ischemic (179).jpg,1
ischemic (18).jpg,ischemic (18).jpg,0
ischemic (180).jpg,ischemic (180).jpg,1
ischemic (181).jpg,ischemic (181).jpg,1
ischemic (182).jpg,ischemic (182).jpg,1
ischemic (183).jpg,ischemic (183).jpg,1
ischemic (184).jpg,ischemic (184).jpg,1
ischemic (185).jpg,ischemic (185).jpg,1
ischemic (186).jpg,ischemic (186).jpg,1
ischemic (187).jpg,ischemic (187).jpg,1
ischemic (188).jpg,ischemic (188).jpg,1
ischemic (189).jpg,ischemic (189).jpg,1
ischemic (19).jpg,ischemic (19).jpg,1
ischemic (190).jpg,ischemic (190).jpg,1
ischemic (191).jpg,ischemic (191).jpg,1
ischemic (192).jpg,ischemic (192).jpg,1
ischemic (193).jpg,ischemic (193).jpg,1
ischemic (194).jpg,ischemic (194).jpg,1
ischemic (195).jpg,ischemic (195).jpg,1
ischemic (196).jpg,ischemic (196).jpg,1
ischemic (197).jpg,ischemic (197).jpg,1
ischemic (198).jpg,ischemic (198).jpg,1
ischemic (199).jpg,ischemic (199).jpg,1
ischemic (2).jpg,ischemic (2).jpg,1
ischemic (20).jpg,ischemic (20).jpg,1
ischemic (200).jpg,ischemic (200).jpg,1
ischemic (201).jpg,ischemic (201).jpg,1
ischemic (202).jpg,ischemic (202).jpg,1
ischemic (203).jpg,ischemic (203).jpg,1
ischemic (204).jpg,ischemic (204).jpg,1
ischemic (205).jpg,ischemic (205).jpg,1
ischemic (206).jpg,ischemic (206).jpg,1
ischemic (207).jpg,ischemic (207).jpg,1
ischemic (208).jpg,ischemic (208).jpg,1
ischemic (209).jpg,ischemic (209).jpg,1
ischemic (21).jpg,ischemic (21).jpg,1
ischemic (210).jpg,ischemic (210).jpg,1
ischemic (211).jpg,ischemic (211).jpg,1
ischemic (212).jpg,ischemic (212).jpg,1
ischemic (213).jpg,ischemic (213).jpg,1
ischemic (214).jpg,ischemic (214).jpg,1
ischemic (215).jpg,ischemic (215).jpg,1
ischemic (216).jpg,ischemic (216).jpg,1
ischemic (217).jpg,ischemic (217).jpg,1
ischemic (218).jpg,ischemic (218).jpg,1
ischemic (219).jpg,ischemic (219).jpg,1
ischemic (22).jpg,ischemic (22).jpg,1
ischemic (220).jpg,ischemic (220).jpg,1
ischemic (221).jpg,ischemic (221).jpg,1
ischemic (222).jpg,ischemic (222).jpg,1
ischemic (223).jpg,ischemic (223).jpg,1
ischemic (224).jpg,ischemic (224).jpg,1
ischemic (225).jpg,ischemic (225).jpg,1
ischemic (226).jpg,ischemic (226).jpg,1
ischemic (227).jpg,ischemic (227).jpg,1
ischemic (228).jpg,ischemic (228).jpg,1
ischemic (229).jpg,ischemic (229).jpg,1
ischemic (23).jpg,ischemic (23).jpg,1
ischemic (230).jpg,ischemic (230).jpg,1
ischemic (231).jpg,ischemic (231).jpg,1
ischemic (232).jpg,ischemic (232).jpg,1
ischemic (233).jpg,ischemic (233).jpg,1
ischemic (234).jpg,ischemic (234).jpg,1
ischemic (235).jpg,ischemic (235).jpg,1
ischemic (236).jpg,ischemic (236).jpg,1
ischemic (237).jpg,ischemic (237).jpg,1
ischemic (238).jpg,ischemic (238).jpg,1
ischemic (239).jpg,ischemic (239).jpg,1
ischemic (24).jpg,ischemic (24).jpg,1
ischemic (240).jpg,ischemic (240).jpg,1
ischemic (241).jpg,ischemic (241).jpg,1
ischemic (242).jpg,ischemic (242).jpg,1
ischemic (243).jpg,ischemic (243).jpg,1
ischemic (244).jpg,ischemic (244).jpg,1
ischemic (245).jpg,ischemic (245).jpg,1
ischemic (246).jpg,ischemic (246).jpg,1
ischemic (247).jpg,ischemic (247).jpg,1
ischemic (248).jpg,ischemic (248).jpg,1
ischemic (249).jpg,ischemic (249).jpg,1
ischemic (25).jpg,ischemic (25).jpg,1
ischemic (250).jpg,ischemic (250).jpg,1
ischemic (251).jpg,ischemic (251).jpg,1
ischemic (252).jpg,ischemic (252).jpg,1
ischemic (253).jpg,ischemic (253).jpg,1
ischemic (254).jpg,ischemic (254).jpg,1
ischemic (255).jpg,ischemic (255).jpg,1
ischemic (256).jpg,ischemic (256).jpg,1
ischemic (257).jpg,ischemic (257).jpg,1
ischemic (258).jpg,ischemic (258).jpg,1
ischemic (259).jpg,ischemic (259).jpg,0
ischemic (26).jpg,ischemic (26).jpg,0
ischemic (260).jpg,ischemic (260).jpg,0
ischemic (261).jpg,ischemic (261).jpg,1
ischemic (262).jpg,ischemic (262).jpg,0
ischemic (263).jpg,ischemic (263).jpg,0
ischemic (264).jpg,ischemic (264).jpg,0
ischemic (265).jpg,ischemic (265).jpg,1
ischemic (266).jpg,ischemic (266).jpg,0
ischemic (267).jpg,ischemic (267).jpg,0
ischemic (268).jpg,ischemic (268).jpg,0
ischemic (269).jpg,ischemic (269).jpg,1
ischemic (27).jpg,ischemic (27).jpg,0
ischemic (270).jpg,ischemic (270).jpg,1
ischemic (271).jpg,ischemic (271).jpg,1
ischemic (272).jpg,ischemic (272).jpg,1
ischemic (273).jpg,ischemic (273).jpg,1
ischemic (274).jpg,ischemic (274).jpg,1
ischemic (275).jpg,ischemic (275).jpg,1
ischemic (276).jpg,ischemic (276).jpg,1
ischemic (277).jpg,ischemic (277).jpg,1
ischemic (278).jpg,ischemic (278).jpg,1
ischemic (279).jpg,ischemic (279).jpg,1
ischemic (28).jpg,ischemic (28).jpg,1
ischemic (280).jpg,ischemic (280).jpg,1
ischemic (281).jpg,ischemic (281).jpg,1
ischemic (282).jpg,ischemic (282).jpg,1
ischemic (283).jpg,ischemic (283).jpg,1
ischemic (284).jpg,ischemic (284).jpg,1
ischemic (285).jpg,ischemic (285).jpg,1
ischemic (286).jpg,ischemic (286).jpg,1
ischemic (287).jpg,ischemic (287).jpg,1
ischemic (288).jpg,ischemic (288).jpg,1
ischemic (289).jpg,ischemic (289).jpg,1
ischemic (29).jpg,ischemic (29).jpg,1
ischemic (290).jpg,ischemic (290).jpg,1
ischemic (291).jpg,ischemic (291).jpg,1
ischemic (292).jpg,ischemic (292).jpg,1
ischemic (293).jpg,ischemic (293).jpg,1
ischemic (294).jpg,ischemic (294).jpg,1
ischemic (295).jpg,ischemic (295).jpg,1
ischemic (296).jpg,ischemic (296).jpg,1
ischemic (297).jpg,ischemic (297).jpg,1
ischemic (298).jpg,ischemic (298).jpg,1
ischemic (299).jpg,ischemic (299).jpg,1
ischemic (3).jpg,ischemic (3).jpg,1
ischemic (30).jpg,ischemic (30).jpg,1
ischemic (300).jpg,ischemic (300).jpg,1
ischemic (301).jpg,ischemic (301).jpg,1
ischemic (302).jpg,ischemic (302).jpg,1
ischemic (303).jpg,ischemic (303).jpg,1
ischemic (304).jpg,ischemic (304).jpg,1
ischemic (305).jpg,ischemic (305).jpg,1
ischemic (306).jpg,ischemic (306).jpg,1
ischemic (307).jpg,ischemic (307).jpg,1
ischemic (308).jpg,ischemic (308).jpg,1
ischemic (309).jpg,ischemic (309).jpg,1
ischemic (31).jpg,ischemic (31).jpg,1
ischemic (310).jpg,ischemic (310).jpg,1
ischemic (311).jpg,ischemic (311).jpg,1
ischemic (312).jpg,ischemic (312).jpg,1
ischemic (313).jpg,ischemic (313).jpg,1
ischemic (314).jpg,ischemic (314).jpg,1
ischemic (315).jpg,ischemic (315).jpg,1
ischemic (316).jpg,ischemic (316).jpg,1
ischemic (317).jpg,ischemic (317).jpg,1
ischemic (318).jpg,ischemic (318).jpg,1
ischemic (319).jpg,ischemic (319).jpg,1
ischemic (32).jpg,ischemic (32).jpg,0
ischemic (320).jpg,ischemic (320).jpg,1
ischemic (321).jpg,ischemic (321).jpg,1
ischemic (322).jpg,ischemic (322).jpg,1
ischemic (323).jpg,ischemic (323).jpg,1
ischemic (324).jpg,ischemic (324).jpg,1
ischemic (325).jpg,ischemic (325).jpg,1
ischemic (326).jpg,ischemic (326).jpg,1
ischemic (327).jpg,ischemic (327).jpg,1
ischemic (328).jpg,ischemic (328).jpg,1
ischemic (329).jpg,ischemic (329).jpg,1
ischemic (33).jpg,ischemic (33).jpg,0
ischemic (330).jpg,ischemic (330).jpg,1
ischemic (331).jpg,ischemic (331).jpg,1
ischemic (332).jpg,ischemic (332).jpg,1
ischemic (333).jpg,ischemic (333).jpg,1
ischemic (334).jpg,ischemic (334).jpg,1
ischemic (335).jpg,ischemic (335).jpg,1
ischemic (336).jpg,ischemic (336).jpg,1
ischemic (337).jpg,ischemic (337).jpg,1
ischemic (338).jpg,ischemic (338).jpg,1
ischemic (339).jpg,ischemic (339).jpg,1
ischemic (34).jpg,ischemic (34).jpg,0
ischemic (340).jpg,ischemic (340).jpg,1
ischemic (341).jpg,ischemic (341).jpg,1
ischemic (342).jpg,ischemic (342).jpg,1
ischemic (343).jpg,ischemic (343).jpg,1
ischemic (344).jpg,ischemic (344).jpg,1
ischemic (345).jpg,ischemic (345).jpg,1
ischemic (346).jpg,ischemic (346).jpg,1
ischemic (347).jpg,ischemic (347).jpg,1
ischemic (348).jpg,ischemic (348).jpg,1
ischemic (349).jpg,ischemic (349).jpg,1
ischemic (35).jpg,ischemic (35).jpg,0
ischemic (350).jpg,ischemic (350).jpg,1
ischemic (351).jpg,ischemic (351).jpg,1
ischemic (352).jpg,ischemic (352).jpg,1
ischemic (353).jpg,ischemic (353).jpg,1
ischemic (354).jpg,ischemic (354).jpg,1
ischemic (355).jpg,ischemic (355).jpg,1
ischemic (356).jpg,ischemic (356).jpg,1
ischemic (357).jpg,ischemic (357).jpg,1
ischemic (358).jpg,ischemic (358).jpg,1
ischemic (359).jpg,ischemic (359).jpg,1
ischemic (36).jpg,ischemic (36).jpg,1
ischemic (360).jpg,ischemic (360).jpg,1
ischemic (361).jpg,ischemic (361).jpg,1
ischemic (362).jpg,ischemic (362).jpg,1
ischemic (363).jpg,ischemic (363).jpg,1
ischemic (364).jpg,ischemic (364).jpg,1
ischemic (365).jpg,ischemic (365).jpg,1
ischemic (366).jpg,ischemic (366).jpg,1
ischemic (367).jpg,ischemic (367).jpg,1
ischemic (368).jpg,ischemic (368).jpg,1
ischemic (369).jpg,ischemic (369).jpg,1
ischemic (37).jpg,ischemic (37).jpg,1
ischemic (370).jpg,ischemic (370).jpg,1
ischemic (371).jpg,ischemic (371).jpg,1
ischemic (372).jpg,ischemic (372).jpg,1
ischemic (373).jpg,ischemic (373).jpg,1
ischemic (374).jpg,ischemic (374).jpg,1
ischemic (375).jpg,ischemic (375).jpg,1
ischemic (376).jpg,ischemic (376).jpg,1
ischemic (377).jpg,ischemic (377).jpg,1
ischemic (378).jpg,ischemic (378).jpg,1
ischemic (379).jpg,ischemic (379).jpg,1
ischemic (38).jpg,ischemic (38).jpg,1
ischemic (380).jpg,ischemic (380).jpg,1
ischemic (381).jpg,ischemic (381).jpg,1
ischemic (382).jpg,ischemic (382).jpg,1
ischemic (383).jpg,ischemic (383).jpg,1
ischemic (384).jpg,ischemic (384).jpg,1
ischemic (385).jpg,ischemic (385).jpg,1
ischemic (386).jpg,ischemic (386).jpg,1
ischemic (387).jpg,ischemic (387).jpg,1
ischemic (388).jpg,ischemic (388).jpg,1
ischemic (389).jpg,ischemic (389).jpg,1
ischemic (39).jpg,ischemic (39).jpg,1
ischemic (390).jpg,ischemic (390).jpg,1
ischemic (391).jpg,ischemic (391).jpg,1
ischemic (392).jpg,ischemic (392).jpg,1
ischemic (393).jpg,ischemic (393).jpg,1
ischemic (394).jpg,ischemic (394).jpg,1
ischemic (395).jpg,ischemic (395).jpg,1
ischemic (396).jpg,ischemic (396).jpg,1
ischemic (397).jpg,ischemic (397).jpg,1
ischemic (398).jpg,ischemic (398).jpg,1
ischemic (399).jpg,ischemic (399).jpg,1
ischemic (4).jpg,ischemic (4).jpg,0
ischemic (40).jpg,ischemic (40).jpg,1
ischemic (400).jpg,ischemic (400).jpg,1
ischemic (401).jpg,ischemic (401).jpg,1
ischemic (402).jpg,ischemic (402).jpg,1
ischemic (403).jpg,ischemic (403).jpg,1
ischemic (404).jpg,ischemic (404).jpg,1
ischemic (405).jpg,ischemic (405).jpg,1
ischemic (406).jpg,ischemic (406).jpg,1
ischemic (407).jpg,ischemic (407).jpg,1
ischemic (408).jpg,ischemic (408).jpg,1
ischemic (409).jpg,ischemic (409).jpg,1
ischemic (41).jpg,ischemic (41).jpg,1
ischemic (410).jpg,ischemic (410).jpg,1
ischemic (411).jpg,ischemic (411).jpg,1
ischemic (412).jpg,ischemic (412).jpg,1
ischemic (413).jpg,ischemic (413).jpg,1
ischemic (414).jpg,ischemic (414).jpg,1
ischemic (415).jpg,ischemic (415).jpg,1
ischemic (416).jpg,ischemic (416).jpg,1
ischemic (417).jpg,ischemic (417).jpg,1
ischemic (418).jpg,ischemic (418).jpg,1
ischemic (419).jpg,ischemic (419).jpg,1
ischemic (42).jpg,ischemic (42).jpg,1
ischemic (420).jpg,ischemic (420).jpg,1
ischemic (421).jpg,ischemic (421).jpg,1
ischemic (422).jpg,ischemic (422).jpg,1
ischemic (423).jpg,ischemic (423).jpg,1
ischemic (424).jpg,ischemic (424).jpg,1
ischemic (425).jpg,ischemic (425).jpg,1
ischemic (426).jpg,ischemic (426).jpg,1
ischemic (427).jpg,ischemic (427).jpg,1
ischemic (428).jpg,ischemic (428).jpg,1
ischemic (429).jpg,ischemic (429).jpg,1
ischemic (43).jpg,ischemic (43).jpg,1
ischemic (430).jpg,ischemic (430).jpg,1
ischemic (431).jpg,ischemic (431).jpg,1
ischemic (432).jpg,ischemic (432).jpg,1
ischemic (433).jpg,ischemic (433).jpg,1
ischemic (434).jpg,ischemic (434).jpg,1
ischemic (435).jpg,ischemic (435).jpg,1
ischemic (436).jpg,ischemic (436).jpg,1
ischemic (437).jpg,ischemic (437).jpg,1
ischemic (438).jpg,ischemic (438).jpg,1
ischemic (439).jpg,ischemic (439).jpg,1
ischemic (44).jpg,ischemic (44).jpg,1
ischemic (440).jpg,ischemic (440).jpg,1
ischemic (441).jpg,ischemic (441).jpg,1
ischemic (442).jpg,ischemic (442).jpg,1
ischemic (443).jpg,ischemic (443).jpg,1
ischemic (444).jpg,ischemic (444).jpg,1
ischemic (445).jpg,ischemic (445).jpg,1
ischemic (446).jpg,ischemic (446).jpg,1
ischemic (447).jpg,ischemic (447).jpg,1
ischemic (448).jpg,ischemic (448).jpg,1
ischemic (449).jpg,ischemic (449).jpg,1
ischemic (45).jpg,ischemic (45).jpg,1
ischemic (450).jpg,ischemic (450).jpg,1
ischemic (451).jpg,ischemic (451).jpg,1
ischemic (452).jpg,ischemic (452).jpg,1
ischemic (453).jpg,ischemic (453).jpg,1
ischemic (454).jpg,ischemic (454).jpg,1
ischemic (455).jpg,ischemic (455).jpg,1
ischemic (456).jpg,ischemic (456).jpg,1
ischemic (457).jpg,ischemic (457).jpg,1
ischemic (458).jpg,ischemic (458).jpg,1
ischemic (459).jpg,ischemic (459).jpg,1
ischemic (46).jpg,ischemic (46).jpg,1
ischemic (460).jpg,ischemic (460).jpg,1
ischemic (461).jpg,ischemic (461).jpg,1
ischemic (462).jpg,ischemic (462).jpg,1
ischemic (463).jpg,ischemic (463).jpg,1
ischemic (464).jpg,ischemic (464).jpg,1
ischemic (465).jpg,ischemic (465).jpg,1
ischemic (466).jpg,ischemic (466).jpg,1
ischemic (467).jpg,ischemic (467).jpg,1
ischemic (468).jpg,ischemic (468).jpg,1
ischemic (469).jpg,ischemic (469).jpg,1
ischemic (47).jpg,ischemic (47).jpg,1
ischemic (470).jpg,ischemic (470).jpg,1
ischemic (471).jpg,ischemic (471).jpg,1
ischemic (472).jpg,ischemic (472).jpg,1
ischemic (473).jpg,ischemic (473).jpg,1
ischemic (474).jpg,ischemic (474).jpg,1
ischemic (475).jpg,ischemic (475).jpg,1
ischemic (476).jpg,ischemic (476).jpg,1
ischemic (477).jpg,ischemic (477).jpg,1
ischemic (478).jpg,ischemic (478).jpg,1
ischemic (479).jpg,ischemic (479).jpg,1
ischemic (48).jpg,ischemic (48).jpg,1
ischemic (480).jpg,ischemic (480).jpg,1
ischemic (481).jpg,ischemic (481).jpg,1
ischemic (482).jpg,ischemic (482).jpg,1
ischemic (483).jpg,ischemic (483).jpg,1
ischemic (484).jpg,ischemic (484).jpg,1
ischemic (485).jpg,ischemic (485).jpg,1
ischemic (486).jpg,ischemic (486).jpg,1
ischemic (487).jpg,ischemic (487).jpg,1
ischemic (488).jpg,ischemic (488).jpg,1
ischemic (489).jpg,ischemic (489).jpg,1
ischemic (49).jpg,ischemic (49).jpg,1
ischemic (490).jpg,ischemic (490).jpg,1
ischemic (491).jpg,ischemic (491).jpg,1
ischemic (492).jpg,ischemic (492).jpg,1
ischemic (493).jpg,ischemic (493).jpg,1
ischemic (494).jpg,ischemic (494).jpg,1
ischemic (495).jpg,ischemic (495).jpg,1
ischemic (496).jpg,ischemic (496).jpg,1
ischemic (497).jpg,ischemic (497).jpg,1
ischemic (498).jpg,ischemic (498).jpg,1
ischemic (499).jpg,ischemic (499).jpg,1
ischemic (5).jpg,ischemic (5).jpg,1
ischemic (50).jpg,ischemic (50).jpg,1
ischemic (500).jpg,ischemic (500).jpg,1
ischemic (501).jpg,ischemic (501).jpg,1
ischemic (502).jpg,ischemic (502).jpg,1
ischemic (503).jpg,ischemic (503).jpg,1
ischemic (504).jpg,ischemic (504).jpg,1
ischemic (505).jpg,ischemic (505).jpg,1
ischemic (506).jpg,ischemic (506).jpg,1
ischemic (507).jpg,ischemic (507).jpg,1
ischemic (508).jpg,ischemic (508).jpg,0
ischemic (509).jpg,ischemic (509).jpg,0
ischemic (51).jpg,ischemic (51).jpg,1
ischemic (510).jpg,ischemic (510).jpg,0
ischemic (511).jpg,ischemic (511).jpg,0
ischemic (512).jpg,ischemic (512).jpg,0
ischemic (513).jpg,ischemic (513).jpg,0
ischemic (514).jpg,ischemic (514).jpg,0
ischemic (515).jpg,ischemic (515).jpg,0
ischemic (516).jpg,ischemic (516).jpg,0
ischemic (517).jpg,ischemic (517).jpg,0
ischemic (518).jpg,ischemic (518).jpg,0
ischemic (519).jpg,ischemic (519).jpg,0
ischemic (52).jpg,ischemic (52).jpg,1
ischemic (520).jpg,ischemic (520).jpg,1
ischemic (521).jpg,ischemic (521).jpg,1
ischemic (522).jpg,ischemic (522).jpg,1
ischemic (523).jpg,ischemic (523).jpg,1
ischemic (524).jpg,ischemic (524).jpg,1
ischemic (525).jpg,ischemic (525).jpg,1
ischemic (526).jpg,ischemic (526).jpg,1
ischemic (527).jpg,ischemic (527).jpg,1
ischemic (528).jpg,ischemic (528).jpg,1
ischemic (529).jpg,ischemic (529).jpg,1
ischemic (53).jpg,ischemic (53).jpg,1
ischemic (530).jpg,ischemic (530).jpg,1
ischemic (531).jpg,ischemic (531).jpg,1
ischemic (532).jpg,ischemic (532).jpg,1
ischemic (533).jpg,ischemic (533).jpg,1
ischemic (534).jpg,ischemic (534).jpg,1
ischemic (535).jpg,ischemic (535).jpg,1
ischemic (536).jpg,ischemic (536).jpg,1
ischemic (537).jpg,ischemic (537).jpg,1
ischemic (538).jpg,ischemic (538).jpg,1
ischemic (539).jpg,ischemic (539).jpg,1
ischemic (54).jpg,ischemic (54).jpg,1
ischemic (540).jpg,ischemic (540).jpg,1
ischemic (541).jpg,ischemic (541).jpg,1
ischemic (542).jpg,ischemic (542).jpg,1
ischemic (543).jpg,ischemic (543).jpg,1
ischemic (544).jpg,ischemic (544).jpg,1
ischemic (545).jpg,ischemic (545).jpg,1
ischemic (546).jpg,ischemic (546).jpg,1
ischemic (547).jpg,ischemic (547).jpg,1
ischemic (548).jpg,ischemic (548).jpg,1
ischemic (549).jpg,ischemic (549).jpg,1
ischemic (55).jpg,ischemic (55).jpg,1
ischemic (550).jpg,ischemic (550).jpg,1
ischemic (551).jpg,ischemic (551).jpg,1
ischemic (552).jpg,ischemic (552).jpg,1
ischemic (553).jpg,ischemic (553).jpg,1
ischemic (554).jpg,ischemic (554).jpg,1
ischemic (555).jpg,ischemic (555).jpg,1
ischemic (556).jpg,ischemic (556).jpg,1
ischemic (557).jpg,ischemic (557).jpg,1
ischemic (558).jpg,ischemic (558).jpg,1
ischemic (559).jpg,ischemic (559).jpg,1
ischemic (56).jpg,ischemic (56).jpg,1
ischemic (560).jpg,ischemic (560).jpg,1
ischemic (561).jpg,ischemic (561).jpg,1
ischemic (562).jpg,ischemic (562).jpg,1
ischemic (563).jpg,ischemic (563).jpg,1
ischemic (564).jpg,ischemic (564).jpg,1
ischemic (565).jpg,ischemic (565).jpg,1
ischemic (566).jpg,ischemic (566).jpg,1
ischemic (567).jpg,ischemic (567).jpg,1
ischemic (568).jpg,ischemic (568).jpg,1
ischemic (569).jpg,ischemic (569).jpg,1
ischemic (57).jpg,ischemic (57).jpg,1
ischemic (570).jpg,ischemic (570).jpg,1
ischemic (571).jpg,ischemic (571).jpg,1
ischemic (572).jpg,ischemic (572).jpg,1
ischemic (573).jpg,ischemic (573).jpg,1
ischemic (574).jpg,ischemic (574).jpg,1
ischemic (575).jpg,ischemic (575).jpg,1
ischemic (576).jpg,ischemic (576).jpg,1
ischemic (577).jpg,ischemic (577).jpg,1
ischemic (578).jpg,ischemic (578).jpg,1
ischemic (579).jpg,ischemic (579).jpg,1
ischemic (58).jpg,ischemic (58).jpg,1
ischemic (580).jpg,ischemic (580).jpg,1
ischemic (581).jpg,ischemic (581).jpg,1
ischemic (582).jpg,ischemic (582).jpg,1
ischemic (583).jpg,ischemic (583).jpg,1
ischemic (584).jpg,ischemic (584).jpg,1
ischemic (585).jpg,ischemic (585).jpg,1
ischemic (586).jpg,ischemic (586).jpg,1
ischemic (587).jpg,ischemic (587).jpg,1
ischemic (588).jpg,ischemic (588).jpg,1
ischemic (589).jpg,ischemic (589).jpg,1
ischemic (59).jpg,ischemic (59).jpg,1
ischemic (590).jpg,ischemic (590).jpg,1
ischemic (591).jpg,ischemic (591).jpg,1
ischemic (592).jpg,ischemic (592).jpg,1
ischemic (593).jpg,ischemic (593).jpg,1
ischemic (594).jpg,ischemic (594).jpg,1
ischemic (595).jpg,ischemic (595).jpg,1
ischemic (596).jpg,ischemic (596).jpg,1
ischemic (597).jpg,ischemic (597).jpg,1
ischemic (598).jpg,ischemic (598).jpg,1
ischemic (599).jpg,ischemic (599).jpg,1
ischemic (6).jpg,ischemic (6).jpg,1
ischemic (60).jpg,ischemic (60).jpg,1
ischemic (600).jpg,ischemic (600).jpg,1
ischemic (601).jpg,ischemic (601).jpg,1
ischemic (602).jpg,ischemic (602).jpg,1
ischemic (603).jpg,ischemic (603).jpg,1
ischemic (604).jpg,ischemic (604).jpg,1
ischemic (605).jpg,ischemic (605).jpg,1
ischemic (606).jpg,ischemic (606).jpg,1
ischemic (607).jpg,ischemic (607).jpg,1
ischemic (608).jpg,ischemic (608).jpg,1
ischemic (609).jpg,ischemic (609).jpg,1
ischemic (61).jpg,ischemic (61).jpg,1
ischemic (610).jpg,ischemic (610).jpg,1
ischemic (611).jpg,ischemic (611).jpg,1
ischemic (612).jpg,ischemic (612).jpg,1
ischemic (613).jpg,ischemic (613).jpg,1
ischemic (614).jpg,ischemic (614).jpg,1
ischemic (615).jpg,ischemic (615).jpg,1
ischemic (616).jpg,ischemic (616).jpg,1
ischemic (617).jpg,ischemic (617).jpg,1
ischemic (618).jpg,ischemic (618).jpg,1
ischemic (619).jpg,ischemic (619).jpg,1
ischemic (62).jpg,ischemic (62).jpg,1
ischemic (620).jpg,ischemic (620).jpg,1
ischemic (621).jpg,ischemic (621).jpg,1
ischemic (622).jpg,ischemic (622).jpg,1
ischemic (623).jpg,ischemic (623).jpg,1
ischemic (624).jpg,ischemic (624).jpg,1
ischemic (625).jpg,ischemic (625).jpg,1
ischemic (626).jpg,ischemic (626).jpg,1
ischemic (627).jpg,ischemic (627).jpg,1
ischemic (628).jpg,ischemic (628).jpg,1
ischemic (629).jpg,ischemic (629).jpg,1
ischemic (63).jpg,ischemic (63).jpg,1
ischemic (630).jpg,ischemic (630).jpg,1
ischemic (631).jpg,ischemic (631).jpg,1
ischemic (632).jpg,ischemic (632).jpg,1
ischemic (633).jpg,ischemic (633).jpg,1
ischemic (634).jpg,ischemic (634).jpg,1
ischemic (635).jpg,ischemic (635).jpg,1
ischemic (636).jpg,ischemic (636).jpg,1
ischemic (637).jpg,ischemic (637).jpg,1
ischemic (638).jpg,ischemic (638).jpg,1
ischemic (639).jpg,ischemic (639).jpg,1
ischemic (64).jpg,ischemic (64).jpg,1
ischemic (640).jpg,ischemic (640).jpg,1
ischemic (641).jpg,ischemic (641).jpg,1
ischemic (642).jpg,ischemic (642).jpg,1
ischemic (643).jpg,ischemic (643).jpg,1
ischemic (644).jpg,ischemic (644).jpg,1
ischemic (645).jpg,ischemic (645).jpg,1
ischemic (646).jpg,ischemic (646).jpg,1
ischemic (647).jpg,ischemic (647).jpg,1
ischemic (648).jpg,ischemic (648).jpg,1
ischemic (649).jpg,ischemic (649).jpg,1
ischemic (65).jpg,ischemic (65).jpg,1
ischemic (650).jpg,ischemic (650).jpg,1
ischemic (651).jpg,ischemic (651).jpg,1
ischemic (652).jpg,ischemic (652).jpg,1
ischemic (653).jpg,ischemic (653).jpg,1
ischemic (654).jpg,ischemic (654).jpg,1
ischemic (655).jpg,ischemic (655).jpg,1
ischemic (656).jpg,ischemic (656).jpg,1
ischemic (657).jpg,ischemic (657).jpg,1
ischemic (658).jpg,ischemic (658).jpg,1
ischemic (659).jpg,ischemic (659).jpg,1
ischemic (66).jpg,ischemic (66).jpg,1
ischemic (660).jpg,ischemic (660).jpg,1
ischemic (661).jpg,ischemic (661).jpg,1
ischemic (662).jpg,ischemic (662).jpg,1
ischemic (663).jpg,ischemic (663).jpg,1
ischemic (664).jpg,ischemic (664).jpg,1
ischemic (665).jpg,ischemic (665).jpg,1
ischemic (666).jpg,ischemic (666).jpg,1
ischemic (667).jpg,ischemic (667).jpg,1
ischemic (668).jpg,ischemic (668).jpg,1
ischemic (669).jpg,ischemic (669).jpg,1
ischemic (67).jpg,ischemic (67).jpg,1
ischemic (670).jpg,ischemic (670).jpg,1
ischemic (671).jpg,ischemic (671).jpg,1
ischemic (672).jpg,ischemic (672).jpg,1
ischemic (673).jpg,ischemic (673).jpg,1
ischemic (674).jpg,ischemic (674).jpg,1
ischemic (675).jpg,ischemic (675).jpg,1
ischemic (676).jpg,ischemic (676).jpg,1
ischemic (677).jpg,ischemic (677).jpg,1
ischemic (678).jpg,ischemic (678).jpg,1
ischemic (679).jpg,ischemic (679).jpg,1
ischemic (68).jpg,ischemic (68).jpg,1
ischemic (680).jpg,ischemic (680).jpg,1
ischemic (681).jpg,ischemic (681).jpg,1
ischemic (682).jpg,ischemic (682).jpg,1
ischemic (683).jpg,ischemic (683).jpg,1
ischemic (684).jpg,ischemic (684).jpg,1
ischemic (685).jpg,ischemic (685).jpg,1
ischemic (686).jpg,ischemic (686).jpg,1
ischemic (687).jpg,ischemic (687).jpg,1
ischemic (688).jpg,ischemic (688).jpg,1
ischemic (689).jpg,ischemic (689).jpg,1
ischemic (69).jpg,ischemic (69).jpg,1
ischemic (690).jpg,ischemic (690).jpg,1
ischemic (691).jpg,ischemic (691).jpg,1
ischemic (692).jpg,ischemic (692).jpg,1
ischemic (693).jpg,ischemic (693).jpg,1
ischemic (694).jpg,ischemic (694).jpg,1
ischemic (695).jpg,ischemic (695).jpg,1
ischemic (696).jpg,ischemic (696).jpg,1
ischemic (697).jpg,ischemic (697).jpg,1
ischemic (698).jpg,ischemic (698).jpg,1
ischemic (699).jpg,ischemic (699).jpg,1
ischemic (7).jpg,ischemic (7).jpg,1
ischemic (70).jpg,ischemic (70).jpg,1
ischemic (700).jpg,ischemic (700).jpg,1
ischemic (701).jpg,ischemic (701).jpg,1
ischemic (702).jpg,ischemic (702).jpg,1
ischemic (703).jpg,ischemic (703).jpg,1
ischemic (704).jpg,ischemic (704).jpg,1
ischemic (705).jpg,ischemic (705).jpg,1
ischemic (706).jpg,ischemic (706).jpg,1
ischemic (707).jpg,ischemic (707).jpg,1
ischemic (708).jpg,ischemic (708).jpg,1
ischemic (709).jpg,ischemic (709).jpg,1
ischemic (71).jpg,ischemic (71).jpg,1
ischemic (710).jpg,ischemic (710).jpg,1
ischemic (711).jpg,ischemic (711).jpg,1
ischemic (712).jpg,ischemic (712).jpg,1
ischemic (713).jpg,ischemic (713).jpg,1
ischemic (714).jpg,ischemic (714).jpg,1
ischemic (715).jpg,ischemic (715).jpg,1
ischemic (716).jpg,ischemic (716).jpg,1
ischemic (717).jpg,ischemic (717).jpg,1
ischemic (718).jpg,ischemic (718).jpg,1
ischemic (719).jpg,ischemic (719).jpg,1
ischemic (72).jpg,ischemic (72).jpg,1
ischemic (720).jpg,ischemic (720).jpg,1
ischemic (721).jpg,ischemic (721).jpg,1
ischemic (722).jpg,ischemic (722).jpg,1
ischemic (723).jpg,ischemic (723).jpg,1
ischemic (724).jpg,ischemic (724).jpg,1
ischemic (725).jpg,ischemic (725).jpg,1
ischemic (726).jpg,ischemic (726).jpg,1
ischemic (727).jpg,ischemic (727).jpg,1
ischemic (728).jpg,ischemic (728).jpg,1
ischemic (729).jpg,ischemic (729).jpg,1
ischemic (73).jpg,ischemic (73).jpg,1
ischemic (730).jpg,ischemic (730).jpg,1
ischemic (731).jpg,ischemic (731).jpg,1
ischemic (732).jpg,ischemic (732).jpg,1
ischemic (733).jpg,ischemic (733).jpg,1
ischemic (734).jpg,ischemic (734).jpg,1
ischemic (735).jpg,ischemic (735).jpg,1
ischemic (736).jpg,ischemic (736).jpg,1
ischemic (737).jpg,ischemic (737).jpg,1
ischemic (738).jpg,ischemic (738).jpg,1
ischemic (739).jpg,ischemic (739).jpg,1
ischemic (74).jpg,ischemic (74).jpg,1
ischemic (740).jpg,ischemic (740).jpg,1
ischemic (741).jpg,ischemic (741).jpg,1
ischemic (742).jpg,ischemic (742).jpg,1
ischemic (743).jpg,ischemic (743).jpg,1
ischemic (744).jpg,ischemic (744).jpg,1
ischemic (745).jpg,ischemic (745).jpg,1
ischemic (746).jpg,ischemic (746).jpg,1
ischemic (747).jpg,ischemic (747).jpg,1
ischemic (748).jpg,ischemic (748).jpg,1
ischemic (749).jpg,ischemic (749).jpg,1
ischemic (75).jpg,ischemic (75).jpg,1
ischemic (750).jpg,ischemic (750).jpg,1
ischemic (751).jpg,ischemic (751).jpg,1
ischemic (752).jpg,ischemic (752).jpg,1
ischemic (753).jpg,ischemic (753).jpg,1
ischemic (754).jpg,ischemic (754).jpg,1
ischemic (755).jpg,ischemic (755).jpg,1
ischemic (756).jpg,ischemic (756).jpg,1
ischemic (757).jpg,ischemic (757).jpg,1
ischemic (758).jpg,ischemic (758).jpg,1
ischemic (759).jpg,ischemic (759).jpg,1
ischemic (76).jpg,ischemic (76).jpg,1
ischemic (760).jpg,ischemic (760).jpg,1
ischemic (761).jpg,ischemic (761).jpg,1
ischemic (762).jpg,ischemic (762).jpg,1
ischemic (763).jpg,ischemic (763).jpg,1
ischemic (764).jpg,ischemic (764).jpg,1
ischemic (765).jpg,ischemic (765).jpg,1
ischemic (766).jpg,ischemic (766).jpg,1
ischemic (767).jpg,ischemic (767).jpg,1
ischemic (768).jpg,ischemic (768).jpg,1
ischemic (769).jpg,ischemic (769).jpg,1
ischemic (77).jpg,ischemic (77).jpg,1
ischemic (770).jpg,ischemic (770).jpg,1
ischemic (771).jpg,ischemic (771).jpg,1
ischemic (772).jpg,ischemic (772).jpg,1
ischemic (773).jpg,ischemic (773).jpg,1
ischemic (774).jpg,ischemic (774).jpg,1
ischemic (775).jpg,ischemic (775).jpg,1
ischemic (776).jpg,ischemic (776).jpg,1
ischemic (777).jpg,ischemic (777).jpg,1
ischemic (778).jpg,ischemic (778).jpg,1
ischemic (779).jpg,ischemic (779).jpg,1
ischemic (78).jpg,ischemic (78).jpg,1
ischemic (780).jpg,ischemic (780).jpg,1
ischemic (781).jpg,ischemic (781).jpg,1
ischemic (782).jpg,ischemic (782).jpg,1
ischemic (783).jpg,ischemic (783).jpg,1
ischemic (784).jpg,ischemic (784).jpg,1
ischemic (785).jpg,ischemic (785).jpg,1
ischemic (786).jpg,ischemic (786).jpg,1
ischemic (787).jpg,ischemic (787).jpg,1
ischemic (788).jpg,ischemic (788).jpg,1
ischemic (789).jpg,ischemic (789).jpg,1
ischemic (79).jpg,ischemic (79).jpg,1
ischemic (790).jpg,ischemic (790).jpg,1
ischemic (791).jpg,ischemic (791).jpg,1
ischemic (792).jpg,ischemic (792).jpg,1
ischemic (793).jpg,ischemic (793).jpg,1
ischemic (794).jpg,ischemic (794).jpg,1
ischemic (795).jpg,ischemic (795).jpg,1
ischemic (796).jpg,ischemic (796).jpg,1
ischemic (797).jpg,ischemic (797).jpg,1
ischemic (798).jpg,ischemic (798).jpg,1
ischemic (799).jpg,ischemic (799).jpg,1
ischemic (8).jpg,ischemic (8).jpg,1
ischemic (80).jpg,ischemic (80).jpg,1
ischemic (800).jpg,ischemic (800).jpg,1
ischemic (801).jpg,ischemic (801).jpg,1
ischemic (802).jpg,ischemic (802).jpg,1
ischemic (803).jpg,ischemic (803).jpg,1
ischemic (804).jpg,ischemic (804).jpg,1
ischemic (805).jpg,ischemic (805).jpg,1
ischemic (806).jpg,ischemic (806).jpg,1
ischemic (807).jpg,ischemic (807).jpg,1
ischemic (808).jpg,ischemic (808).jpg,1
ischemic (809).jpg,ischemic (809).jpg,1
ischemic (81).jpg,ischemic (81).jpg,1
ischemic (810).jpg,ischemic (810).jpg,1
ischemic (811).jpg,ischemic (811).jpg,1
ischemic (812).jpg,ischemic (812).jpg,1
ischemic (813).jpg,ischemic (813).jpg,1
ischemic (814).jpg,ischemic (814).jpg,1
ischemic (815).jpg,ischemic (815).jpg,1
ischemic (816).jpg,ischemic (816).jpg,1
ischemic (817).jpg,ischemic (817).jpg,1
ischemic (818).jpg,ischemic (818).jpg,1
ischemic (819).jpg,ischemic (819).jpg,1
ischemic (82).jpg,ischemic (82).jpg,1
ischemic (820).jpg,ischemic (820).jpg,1
ischemic (821).jpg,ischemic (821).jpg,1
ischemic (822).jpg,ischemic (822).jpg,1
ischemic (823).jpg,ischemic (823).jpg,1
ischemic (824).jpg,ischemic (824).jpg,1
ischemic (825).jpg,ischemic (825).jpg,1
ischemic (826).jpg,ischemic (826).jpg,1
ischemic (827).jpg,ischemic (827).jpg,1
ischemic (828).jpg,ischemic (828).jpg,1
ischemic (829).jpg,ischemic (829).jpg,1
ischemic (83).jpg,ischemic (83).jpg,1
ischemic (830).jpg,ischemic (830).jpg,1
ischemic (831).jpg,ischemic (831).jpg,1
ischemic (832).jpg,ischemic (832).jpg,1
ischemic (833).jpg,ischemic (833).jpg,1
ischemic (834).jpg,ischemic (834).jpg,1
ischemic (835).jpg,ischemic (835).jpg,1
ischemic (836).jpg,ischemic (836).jpg,1
ischemic (837).jpg,ischemic (837).jpg,1
ischemic (838).jpg,ischemic (838).jpg,1
ischemic (839).jpg,ischemic (839).jpg,1
ischemic (84).jpg,ischemic (84).jpg,1
ischemic (840).jpg,ischemic (840).jpg,1
ischemic (841).jpg,ischemic (841).jpg,1
ischemic (842).jpg,ischemic (842).jpg,1
ischemic (843).jpg,ischemic (843).jpg,1
ischemic (844).jpg,ischemic (844).jpg,1
ischemic (845).jpg,ischemic (845).jpg,1
ischemic (846).jpg,ischemic (846).jpg,1
ischemic (847).jpg,ischemic (847).jpg,1
ischemic (848).jpg,ischemic (848).jpg,1
ischemic (849).jpg,ischemic (849).jpg,1
ischemic (85).jpg,ischemic (85).jpg,1
ischemic (850).jpg,ischemic (850).jpg,1
ischemic (851).jpg,ischemic (851).jpg,1
ischemic (852).jpg,ischemic (852).jpg,1
ischemic (853).jpg,ischemic (853).jpg,1
ischemic (854).jpg,ischemic (854).jpg,1
ischemic (855).jpg,ischemic (855).jpg,1
ischemic (856).jpg,ischemic (856).jpg,1
ischemic (857).jpg,ischemic (857).jpg,1
ischemic (858).jpg,ischemic (858).jpg,1
ischemic (859).jpg,ischemic (859).jpg,1
ischemic (86).jpg,ischemic (86).jpg,1
ischemic (860).jpg,ischemic (860).jpg,1
ischemic (861).jpg,ischemic (861).jpg,1
ischemic (862).jpg,ischemic (862).jpg,1
ischemic (863).jpg,ischemic (863).jpg,1
ischemic (864).jpg,ischemic (864).jpg,1
ischemic (865).jpg,ischemic (865).jpg,1
ischemic (866).jpg,ischemic (866).jpg,1
ischemic (867).jpg,ischemic (867).jpg,1
ischemic (868).jpg,ischemic (868).jpg,1
ischemic (869).jpg,ischemic (869).jpg,1
ischemic (87).jpg,ischemic (87).jpg,1
ischemic (88).jpg,ischemic (88).jpg,1
ischemic (89).jpg,ischemic (89).jpg,1
ischemic (9).jpg,ischemic (9).jpg,1
ischemic (90).jpg,ischemic (90).jpg,1
ischemic (91).jpg,ischemic (91).jpg,1
ischemic (92).jpg,ischemic (92).jpg,1
ischemic (93).jpg,ischemic (93).jpg,1
ischemic (94).jpg,ischemic (94).jpg,1
ischemic (95).jpg,ischemic (95).jpg,1
ischemic (96).jpg,ischemic (96).jpg,1
ischemic (97).jpg,ischemic (97).jpg,1
ischemic (98).jpg,ischemic (98).jpg,1
ischemic (99).jpg,ischemic (99).jpg,1
